method,source,median_enrichment_ratio,outer_divisions
GeneSelectR 2.0,GO-BP,1.69143231186629,15
GeneSelectR 2.0,Hallmark,3.56718192627824,15
GeneSelectR 2.0,STRING,5.96252129471891,15
GeneSelectR 2.0,OT 0.05,1.42664983394264,15
GeneSelectR 2.0,OT 0.10,1.1290812137029,15
Stabl,GO-BP,1.41785241614908,15
Stabl,Hallmark,1.11731843575419,15
Stabl,STRING,6.22222222222222,15
Stabl,OT 0.05,0.687038791590226,15
Stabl,OT 0.10,0.0,15
mRMR,GO-BP,1.57195810386439,15
mRMR,Hallmark,0.0,15
mRMR,STRING,2.36127508854782,15
mRMR,OT 0.05,0.489389627781055,15
mRMR,OT 0.10,0.358242084223735,15
Random forest,GO-BP,1.7691257252468,15
Random forest,Hallmark,5.96658711217184,15
Random forest,STRING,10.9717868338558,15
Random forest,OT 0.05,1.55559585332841,15
Random forest,OT 0.10,1.14889941755671,15
DGE,GO-BP,1.84605699812002,15
DGE,Hallmark,4.38116100766703,15
DGE,STRING,13.3460438512869,15
DGE,OT 0.05,2.79120294985057,15
DGE,OT 0.10,2.36329806311422,15
Boruta,GO-BP,1.52093691857818,15
Boruta,Hallmark,5.87544065804935,15
Boruta,STRING,8.15660685154975,15
Boruta,OT 0.05,1.60075533878497,15
Boruta,OT 0.10,1.19693967262232,15
LASSO,GO-BP,1.82852816177877,15
LASSO,Hallmark,1.20627261761158,15
LASSO,STRING,4.6339202965709,15
LASSO,OT 0.05,1.49981605354052,15
LASSO,OT 0.10,1.05300461398985,15
Elastic net,GO-BP,1.20742205025146,15
Elastic net,Hallmark,1.18906064209275,15
Elastic net,STRING,3.8860103626943,15
Elastic net,OT 0.05,0.733929769742364,15
Elastic net,OT 0.10,0.0,15
