dataset,method,GO-BP,Hallmark,STRING,OT 0.05,OT 0.10
GSE101794,GeneSelectR 2.0,1.29838987095984,0.664787785893683,6.25534496268451,1.01777612384563,0.708272478086033
GSE101794,Stabl,1.4595876530017635,0.047365304914150336,2.2321603226898734,0.6110224735000813,0.37996320495043534
GSE101794,mRMR,1.61731763406426,0.211211084357707,1.51428191636126,0.669436293582097,0.384049180631253
GSE101794,Random forest,1.56815351111595,4.15895726818069,14.2533300344135,1.4958606506865,1.10172073271824
GSE101794,DGE,1.66364462889427,6.56698244101343,17.8536384139255,1.30058560733011,0.845871657953947
GSE101794,Boruta,1.53543083509276,3.29981579178075,10.771528502528,1.29780990776941,0.716748298571552
GSE101794,LASSO,1.33616777428489,0.336723011650617,2.25464611775372,0.426452954185371,0.125203713456216
GSE101794,Elastic net,1.40057437907646,0.179585606213662,1.84625205907362,0.386193590660885,0.101978704403766
GSE107994,GeneSelectR 2.0,1.58616791475293,45.2336974345479,32.3290006796686,7.95858120356852,1.45666495758883
GSE107994,Stabl,1.4114893757966467,26.351819214313764,24.423728489767154,6.868290705477926,0.41443323618701
GSE107994,mRMR,1.13023767864726,1.89286390308537,6.0918172355186,2.7201169331999,0.0
GSE107994,Random forest,1.64863554634422,67.8715689846399,29.0882199973848,9.3544210403373,3.64401987821887
GSE107994,DGE,1.63604486412456,70.7404563985809,42.805308055816,9.52313772813965,1.49950839363881
GSE107994,Boruta,1.5687498627854,47.9173142798136,25.9309677818299,8.91060308590166,4.50449515929379
GSE107994,LASSO,1.2241950514818,1.6617437775972,9.25477774767533,4.64196887026322,1.37087312441311
GSE107994,Elastic net,1.30138915289999,18.5141559968675,22.3838233922052,6.33098096608778,1.47131209685504
GSE13355,GeneSelectR 2.0,1.22775247830514,1.41470079023583,2.8288706020904,2.13232905106212,2.11208207140669
GSE13355,Stabl,1.4870697790965266,2.87045269375842,10.207175222618616,3.1947523214855735,2.455138776886763
GSE13355,mRMR,1.37038708492418,2.25794505784154,4.74119567010226,3.24597878044854,2.9520444400541
GSE13355,Random forest,1.2448402104465,1.72682242302931,4.39440694478592,2.31958583130874,1.73428869065432
GSE13355,DGE,1.46769767184879,1.17064767126053,13.4554669893155,3.40915865965946,2.74684063099851
GSE13355,Boruta,1.23713853366105,1.32645949831857,4.23791542860343,2.21550002490263,1.90062075957171
GSE13355,LASSO,1.21257888810324,1.59987294074436,2.63870638423837,1.94628255188688,1.79776140075091
GSE13355,Elastic net,1.22503302991105,2.07588782248253,2.81333359892588,1.58606072851445,1.41895276218578
GSE65682,GeneSelectR 2.0,0.992962330682648,1.65852777309491,2.524260777248,1.5045061110574,1.17186038924795
GSE65682,Stabl,0.9595812328311073,1.49857924192674,3.18901606592563,1.2779295867106333,1.1947846538393618
GSE65682,mRMR,1.15277459675532,0.416646000693378,2.463905952553,1.13285939311933,1.04651169575854
GSE65682,Random forest,0.94284609719217,2.60450382452255,2.34231278232823,1.39805396429563,1.17981408365028
GSE65682,DGE,0.999862776687588,3.6894157592944,3.41089404047838,1.15433567391492,0.334971108469763
GSE65682,Boruta,0.86611193775662,3.78175127168982,2.18282131568298,1.11377638933262,0.965962541985133
GSE65682,LASSO,1.4144055059203,2.19111335175275,6.87350051940286,1.76841666366082,1.79468151262735
GSE65682,Elastic net,1.02556733956938,1.53118168723202,3.02255696933388,1.4243480567072,1.39799031121043
GSE69683,GeneSelectR 2.0,1.64639431656715,3.7498490300586,7.96733336735174,1.83208712804011,1.55941482755873
GSE69683,Stabl,1.36442703732646,0.8735984086104134,6.572923205691564,0.7102838508813321,0.27321006021893535
GSE69683,mRMR,1.47496903291965,0.54229934924078,1.68942715265819,0.616127485710147,0.320769281312036
GSE69683,Random forest,1.63359898125741,6.28200523541809,10.4500461756374,1.74374489741173,1.3731641112006
GSE69683,DGE,1.70625575000092,4.02361413396568,16.3410438709826,2.68832141699995,2.29918602309231
GSE69683,Boruta,1.44148150061366,7.27979310697058,8.73227894948052,1.7623473480818,1.53358081864152
GSE69683,LASSO,1.71495409604094,1.17811761561265,6.76836423021313,1.39250913968783,0.86102095495252
GSE69683,Elastic net,1.36531725738596,1.06930105745846,4.93962278479194,0.829161701441944,0.37279456309464
imvigor210,GeneSelectR 2.0,1.17476441041927,2.96888876799923,1.95509859734471,0.663481394728848,0.28314216319951
imvigor210,Stabl,1.0752125603511835,0.6674273307337826,0.74167184987326,0.56932927089921,0.468020672002787
imvigor210,mRMR,1.02923402513475,0.250438266967193,0.23767082590612,0.389924031598751,0.119756287592439
imvigor210,Random forest,1.19456597763624,2.37270569408415,1.7382371373391,1.14299847635101,0.96715173235423
imvigor210,DGE,1.43629014835772,12.0838149744614,8.19215994929807,0.765540357521504,0.390187458310779
imvigor210,Boruta,1.20971291230513,3.19526683758071,2.04747100624098,1.03399357155086,0.788452339730087
imvigor210,LASSO,0.958837709623183,0.898929247829133,6.58275280728082,2.27328457936684,2.26824990030437
imvigor210,Elastic net,1.0714384024798,0.933965503635407,2.74306234992665,0.975236424854933,0.755398265805017
sosall,GeneSelectR 2.0,1.13207203444596,0.174886323889472,1.66359085254573,0.0889304356215167,0.0
sosall,Stabl,1.1016139205936633,0.11048502927853267,0.5555210213814127,0.08732552329366666,0.0
sosall,mRMR,1.13413904699267,0.167982529816899,0.538317368714514,0.087720966022332,0.0
sosall,Random forest,1.27392576358774,1.04041111942356,2.47610569543729,0.332845396808074,0.341307355594957
sosall,DGE,1.93468854995009,3.71883881157575,9.94675937381773,0.415750382106654,0.0
sosall,Boruta,1.28168340831077,0.718867507188677,2.46264745103459,0.167661278649749,0.195865272306179
sosall,LASSO,1.6391088812558,0.174886323889472,5.99363673220646,0.637930239989056,0.729298251004919
sosall,Elastic net,1.17027816336176,0.174886323889472,1.67214607415679,0.168419801897727,0.0
