"dataset","method","GO_semantic_enrichment","hallmark_enrichment","string_enrichment"
"GSE101794","Boruta",1.53543083509276,3.29981579178075,10.771528502528
"GSE107994","Boruta",1.5687498627854,47.9173142798136,25.9309677818299
"GSE13355","Boruta",1.23713853366105,1.32645949831857,4.23791542860343
"GSE65682","Boruta",0.86611193775662,3.78175127168982,2.18282131568298
"GSE69683","Boruta",1.44148150061366,7.27979310697058,8.73227894948052
"imvigor210","Boruta",1.20971291230513,3.19526683758071,2.04747100624098
"sosall","Boruta",1.28168340831077,0.718867507188677,2.46264745103459
"GSE101794","DGE",1.66364462889427,6.56698244101343,17.8536384139255
"GSE107994","DGE",1.63604486412456,70.7404563985809,42.805308055816
"GSE13355","DGE",1.46769767184879,1.17064767126053,13.4554669893155
"GSE65682","DGE",0.999862776687588,3.6894157592944,3.41089404047838
"GSE69683","DGE",1.70625575000092,4.02361413396568,16.3410438709826
"imvigor210","DGE",1.43629014835772,12.0838149744614,8.19215994929807
"sosall","DGE",1.93468854995009,3.71883881157575,9.94675937381773
"GSE101794","ElasticNet",1.40057437907646,0.179585606213662,1.84625205907362
"GSE107994","ElasticNet",1.30138915289999,18.5141559968675,22.3838233922052
"GSE13355","ElasticNet",1.22503302991105,2.07588782248253,2.81333359892588
"GSE65682","ElasticNet",1.02556733956938,1.53118168723202,3.02255696933388
"GSE69683","ElasticNet",1.36531725738596,1.06930105745846,4.93962278479194
"imvigor210","ElasticNet",1.0714384024798,0.933965503635407,2.74306234992665
"sosall","ElasticNet",1.17027816336176,0.174886323889472,1.67214607415679
"GSE101794","GS_full_ungrouped",1.29838987095984,0.664787785893683,6.25534496268451
"GSE107994","GS_full_ungrouped",1.58616791475293,45.2336974345479,32.3290006796686
"GSE13355","GS_full_ungrouped",1.22775247830514,1.41470079023583,2.8288706020904
"GSE65682","GS_full_ungrouped",0.992962330682648,1.65852777309491,2.524260777248
"GSE69683","GS_full_ungrouped",1.64639431656715,3.7498490300586,7.96733336735174
"imvigor210","GS_full_ungrouped",1.17476441041927,2.96888876799923,1.95509859734471
"sosall","GS_full_ungrouped",1.13207203444596,0.174886323889472,1.66359085254573
"GSE101794","LASSO",1.33616777428489,0.336723011650617,2.25464611775372
"GSE107994","LASSO",1.2241950514818,1.6617437775972,9.25477774767533
"GSE13355","LASSO",1.21257888810324,1.59987294074436,2.63870638423837
"GSE65682","LASSO",1.4144055059203,2.19111335175275,6.87350051940286
"GSE69683","LASSO",1.71495409604094,1.17811761561265,6.76836423021313
"imvigor210","LASSO",0.958837709623183,0.898929247829133,6.58275280728082
"sosall","LASSO",1.6391088812558,0.174886323889472,5.99363673220646
"GSE101794","mRMR",1.61731763406426,0.211211084357707,1.51428191636126
"GSE107994","mRMR",1.13023767864726,1.89286390308537,6.0918172355186
"GSE13355","mRMR",1.37038708492418,2.25794505784154,4.74119567010226
"GSE65682","mRMR",1.15277459675532,0.416646000693378,2.463905952553
"GSE69683","mRMR",1.47496903291965,0.54229934924078,1.68942715265819
"imvigor210","mRMR",1.02923402513475,0.250438266967193,0.23767082590612
"sosall","mRMR",1.13413904699267,0.167982529816899,0.538317368714514
"GSE101794","RF_importance",1.56815351111595,4.15895726818069,14.2533300344135
"GSE107994","RF_importance",1.64863554634422,67.8715689846399,29.0882199973848
"GSE13355","RF_importance",1.2448402104465,1.72682242302931,4.39440694478592
"GSE65682","RF_importance",0.94284609719217,2.60450382452255,2.34231278232823
"GSE69683","RF_importance",1.63359898125741,6.28200523541809,10.4500461756374
"imvigor210","RF_importance",1.19456597763624,2.37270569408415,1.7382371373391
"sosall","RF_importance",1.27392576358774,1.04041111942356,2.47610569543729
