"dataset","method","AUC"
"GSE101794","Boruta",0.975783877995643
"GSE107994","Boruta",0.966641414141414
"GSE13355","Boruta",0.99623125191307
"GSE65682","Boruta",0.650337201677285
"GSE69683","Boruta",0.790887944066515
"imvigor210","Boruta",0.631182412358883
"sosall","Boruta",0.649659611992945
"GSE101794","DGE",0.96122962962963
"GSE107994","DGE",0.971470258136925
"GSE13355","DGE",0.996811549841853
"GSE65682","DGE",0.63186781453607
"GSE69683","DGE",0.78375888133031
"imvigor210","DGE",0.667110318875025
"sosall","DGE",0.664760141093474
"GSE101794","ElasticNet",0.975071023965142
"GSE107994","ElasticNet",0.964343434343434
"GSE13355","ElasticNet",0.998155800428528
"GSE65682","ElasticNet",0.667112458714603
"GSE69683","ElasticNet",0.775448223733938
"imvigor210","ElasticNet",0.590263418498713
"sosall","ElasticNet",0.605075837742505
"GSE101794","GS_full_ungrouped",0.979171241830065
"GSE107994","GS_full_ungrouped",0.967901234567901
"GSE13355","GS_full_ungrouped",0.996811549841853
"GSE65682","GS_full_ungrouped",0.664463575601158
"GSE69683","GS_full_ungrouped",0.787219387755102
"imvigor210","GS_full_ungrouped",0.669970291146762
"sosall","GS_full_ungrouped",0.634425925925926
"GSE101794","LASSO",0.972081917211329
"GSE107994","LASSO",0.962452300785634
"GSE13355","LASSO",0.997450515253546
"GSE65682","LASSO",0.672517912899092
"GSE69683","LASSO",0.784342970521542
"imvigor210","LASSO",0.594866310160428
"sosall","LASSO",0.617402998236332
"GSE101794","mRMR",0.980073202614379
"GSE107994","mRMR",0.963841189674523
"GSE13355","mRMR",0.998618763391491
"GSE65682","mRMR",0.682647800217782
"GSE69683","mRMR",0.77368820861678
"imvigor210","mRMR",0.632960982372747
"sosall","mRMR",0.626589065255732
"GSE101794","RF_importance",0.972282352941176
"GSE107994","RF_importance",0.967250280583614
"GSE13355","RF_importance",0.997942811957964
"GSE65682","RF_importance",0.666576425361416
"GSE69683","RF_importance",0.790368291761149
"imvigor210","RF_importance",0.636732026143791
"sosall","RF_importance",0.657471781305115
"GSE101794","Stabl",0.980544662309368
"GSE107994","Stabl",0.965892255892256
"GSE13355","Stabl",0.998155800428528
"GSE65682","Stabl",0.67040746957364
"GSE69683","Stabl",0.771925736961451
"imvigor210","Stabl",0.61762725292137
"sosall","Stabl",0.626500881834215
