"dataset","method","k","AUC"
"GSE101794","Boruta",10,0.972339869281046
"GSE107994","Boruta",10,0.968905723905724
"GSE13355","Boruta",10,0.99623125191307
"GSE65682","Boruta",10,0.634279062212356
"GSE69683","Boruta",10,0.783504535147392
"imvigor210","Boruta",10,0.621532976827095
"sosall","Boruta",10,0.649510582010582
"GSE101794","DGE",10,0.955947712418301
"GSE107994","DGE",10,0.971245791245791
"GSE13355","DGE",10,0.997972145699419
"GSE65682","DGE",10,0.609327341310665
"GSE69683","DGE",10,0.768886621315193
"imvigor210","DGE",10,0.65979797979798
"sosall","DGE",10,0.673007936507936
"GSE101794","ElasticNet",10,0.967560784313725
"GSE107994","ElasticNet",10,0.958872053872054
"GSE13355","ElasticNet",10,0.997509182736456
"GSE65682","ElasticNet",10,0.656379157868139
"GSE69683","ElasticNet",10,0.768445011337868
"imvigor210","ElasticNet",10,0.566761734997029
"sosall","ElasticNet",10,0.579859788359788
"GSE101794","GS_full_ungrouped",10,0.974496732026144
"GSE107994","GS_full_ungrouped",10,0.965058922558923
"GSE13355","GS_full_ungrouped",10,0.993013468013468
"GSE65682","GS_full_ungrouped",10,0.644588228924143
"GSE69683","GS_full_ungrouped",10,0.774833900226757
"imvigor210","GS_full_ungrouped",10,0.667807486631016
"sosall","GS_full_ungrouped",10,0.641259259259259
"GSE101794","LASSO",10,0.968724183006536
"GSE107994","LASSO",10,0.961725589225589
"GSE13355","LASSO",10,0.996870217324763
"GSE65682","LASSO",10,0.66793365459238
"GSE69683","LASSO",10,0.783034013605442
"imvigor210","LASSO",10,0.583398692810458
"sosall","LASSO",10,0.626608465608466
"GSE101794","mRMR",10,0.975048366013072
"GSE107994","mRMR",10,0.961212121212121
"GSE13355","mRMR",10,0.998435108662381
"GSE65682","mRMR",10,0.682460699911564
"GSE69683","mRMR",10,0.760396825396825
"imvigor210","mRMR",10,0.620867498514557
"sosall","mRMR",10,0.641380952380952
"GSE101794","RF_importance",10,0.968271895424837
"GSE107994","RF_importance",10,0.968745791245791
"GSE13355","RF_importance",10,0.9964072543618
"GSE65682","RF_importance",10,0.655494793076687
"GSE69683","RF_importance",10,0.778686507936508
"imvigor210","RF_importance",10,0.631491384432561
"sosall","RF_importance",10,0.676002645502645
"GSE101794","Stabl",10,0.973464052287582
"GSE107994","Stabl",10,0.962718855218855
"GSE13355","Stabl",10,0.998435108662381
"GSE65682","Stabl",10,0.665677621961124
"GSE69683","Stabl",10,0.752807823129252
"imvigor210","Stabl",10,0.60718954248366
"sosall","Stabl",10,0.619531746031746
"GSE101794","Boruta",20,0.974886274509804
"GSE107994","Boruta",20,0.966759259259259
"GSE13355","Boruta",20,0.99623125191307
"GSE65682","Boruta",20,0.650896096161135
"GSE69683","Boruta",20,0.791998299319728
"imvigor210","Boruta",20,0.620855614973262
"sosall","Boruta",20,0.65097619047619
"GSE101794","DGE",20,0.957840522875817
"GSE107994","DGE",20,0.974259259259259
"GSE13355","DGE",20,0.99623125191307
"GSE65682","DGE",20,0.636266175753966
"GSE69683","DGE",20,0.785518707482993
"imvigor210","DGE",20,0.670730837789661
"sosall","DGE",20,0.675412698412698
"GSE101794","ElasticNet",20,0.977657516339869
"GSE107994","ElasticNet",20,0.964065656565657
"GSE13355","ElasticNet",20,0.997972145699419
"GSE65682","ElasticNet",20,0.671920515458336
"GSE69683","ElasticNet",20,0.778757369614512
"imvigor210","ElasticNet",20,0.613297682709448
"sosall","ElasticNet",20,0.609428571428571
"GSE101794","GS_full_ungrouped",20,0.980269281045752
"GSE107994","GS_full_ungrouped",20,0.971565656565657
"GSE13355","GS_full_ungrouped",20,0.998435108662381
"GSE65682","GS_full_ungrouped",20,0.676400093850957
"GSE69683","GS_full_ungrouped",20,0.792778911564626
"imvigor210","GS_full_ungrouped",20,0.674212715389186
"sosall","GS_full_ungrouped",20,0.626621693121693
"GSE101794","LASSO",20,0.973307189542484
"GSE107994","LASSO",20,0.961565656565657
"GSE13355","LASSO",20,0.997509182736456
"GSE65682","LASSO",20,0.673521396213475
"GSE69683","LASSO",20,0.782269841269841
"imvigor210","LASSO",20,0.591455733808675
"sosall","LASSO",20,0.604386243386243
"GSE101794","mRMR",20,0.982258823529412
"GSE107994","mRMR",20,0.96239898989899
"GSE13355","mRMR",20,0.998435108662381
"GSE65682","mRMR",20,0.688357066796614
"GSE69683","mRMR",20,0.77533843537415
"imvigor210","mRMR",20,0.640713012477718
"sosall","mRMR",20,0.617124338624339
"GSE101794","RF_importance",20,0.970264052287582
"GSE107994","RF_importance",20,0.970252525252525
"GSE13355","RF_importance",20,0.998986072849709
"GSE65682","RF_importance",20,0.663024527586767
"GSE69683","RF_importance",20,0.7894410430839
"imvigor210","RF_importance",20,0.640499108734403
"sosall","RF_importance",20,0.664727513227513
"GSE101794","Stabl",20,0.983694117647059
"GSE107994","Stabl",20,0.966372053872054
"GSE13355","Stabl",20,0.997509182736456
"GSE65682","Stabl",20,0.677658057646146
"GSE69683","Stabl",20,0.778066893424036
"imvigor210","Stabl",20,0.622554961378491
"sosall","Stabl",20,0.631084656084656
"GSE101794","Boruta",50,0.980125490196079
"GSE107994","Boruta",50,0.964259259259259
"GSE13355","Boruta",50,0.99623125191307
"GSE65682","Boruta",50,0.665836446658364
"GSE69683","Boruta",50,0.797160997732426
"imvigor210","Boruta",50,0.651158645276292
"sosall","Boruta",50,0.648492063492063
"GSE101794","DGE",50,0.969900653594771
"GSE107994","DGE",50,0.968905723905724
"GSE13355","DGE",50,0.99623125191307
"GSE65682","DGE",50,0.650009926543577
"GSE69683","DGE",50,0.796871315192744
"imvigor210","DGE",50,0.670802139037433
"sosall","DGE",50,0.645859788359788
"GSE101794","ElasticNet",50,0.97999477124183
"GSE107994","ElasticNet",50,0.970092592592593
"GSE13355","ElasticNet",50,0.998986072849709
"GSE65682","ElasticNet",50,0.673037702817334
"GSE69683","ElasticNet",50,0.779142290249433
"imvigor210","ElasticNet",50,0.590730837789661
"sosall","ElasticNet",50,0.625939153439154
"GSE101794","GS_full_ungrouped",50,0.982747712418301
"GSE107994","GS_full_ungrouped",50,0.967079124579125
"GSE13355","GS_full_ungrouped",50,0.998986072849709
"GSE65682","GS_full_ungrouped",50,0.672402404028372
"GSE69683","GS_full_ungrouped",50,0.794045351473923
"imvigor210","GS_full_ungrouped",50,0.667890671420083
"sosall","GS_full_ungrouped",50,0.635396825396826
"GSE101794","LASSO",50,0.974214379084967
"GSE107994","LASSO",50,0.964065656565657
"GSE13355","LASSO",50,0.997972145699419
"GSE65682","LASSO",50,0.676098687891422
"GSE69683","LASSO",50,0.787725056689342
"imvigor210","LASSO",50,0.609744503862151
"sosall","LASSO",50,0.621214285714286
"GSE101794","mRMR",50,0.982912418300654
"GSE107994","mRMR",50,0.967912457912458
"GSE13355","mRMR",50,0.998986072849709
"GSE65682","mRMR",50,0.677125633945169
"GSE69683","mRMR",50,0.785329365079365
"imvigor210","mRMR",50,0.637302436125966
"sosall","mRMR",50,0.621261904761905
"GSE101794","RF_importance",50,0.978311111111111
"GSE107994","RF_importance",50,0.962752525252525
"GSE13355","RF_importance",50,0.998435108662381
"GSE65682","RF_importance",50,0.681209955420795
"GSE69683","RF_importance",50,0.802977324263039
"imvigor210","RF_importance",50,0.638205585264409
"sosall","RF_importance",50,0.631685185185185
"GSE101794","Stabl",50,0.984475816993464
"GSE107994","Stabl",50,0.968585858585859
"GSE13355","Stabl",50,0.998523109886746
"GSE65682","Stabl",50,0.66788672911365
"GSE69683","Stabl",50,0.784902494331066
"imvigor210","Stabl",50,0.623137254901961
"sosall","Stabl",50,0.628886243386243
"GSE101794","Boruta",100,0.97999477124183
"GSE107994","Boruta",100,0.970925925925926
"GSE13355","Boruta",100,0.996782216100398
"GSE65682","Boruta",100,0.686907791434295
"GSE69683","Boruta",100,0.795465419501134
"imvigor210","Boruta",100,0.641069518716578
"sosall","Boruta",100,0.673362433862434
"GSE101794","DGE",100,0.97199477124183
"GSE107994","DGE",100,0.967239057239057
"GSE13355","DGE",100,0.998435108662381
"GSE65682","DGE",100,0.667159384193333
"GSE69683","DGE",100,0.800710884353741
"imvigor210","DGE",100,0.644527629233512
"sosall","DGE",100,0.65773544973545
"GSE101794","ElasticNet",100,0.980013071895425
"GSE107994","ElasticNet",100,0.970092592592593
"GSE13355","ElasticNet",100,0.998435108662381
"GSE65682","ElasticNet",100,0.682404750302308
"GSE69683","ElasticNet",100,0.774018707482993
"imvigor210","ElasticNet",100,0.61632798573975
"sosall","ElasticNet",100,0.638060846560846
"GSE101794","GS_full_ungrouped",100,0.981186928104575
"GSE107994","GS_full_ungrouped",100,0.971759259259259
"GSE13355","GS_full_ungrouped",100,0.998435108662381
"GSE65682","GS_full_ungrouped",100,0.674604291876478
"GSE69683","GS_full_ungrouped",100,0.786994897959184
"imvigor210","GS_full_ungrouped",100,0.627106357694593
"sosall","GS_full_ungrouped",100,0.660767195767196
"GSE101794","LASSO",100,0.978969934640523
"GSE107994","LASSO",100,0.966565656565657
"GSE13355","LASSO",100,0.998986072849709
"GSE65682","LASSO",100,0.675826159149566
"GSE69683","LASSO",100,0.780000566893424
"imvigor210","LASSO",100,0.610089126559715
"sosall","LASSO",100,0.636071428571429
"GSE101794","mRMR",100,0.981320261437909
"GSE107994","mRMR",100,0.969419191919192
"GSE13355","mRMR",100,0.999537037037037
"GSE65682","mRMR",100,0.677937805692421
"GSE69683","mRMR",100,0.791307256235828
"imvigor210","mRMR",100,0.626476530005942
"sosall","mRMR",100,0.660330687830688
"GSE101794","RF_importance",100,0.981448366013072
"GSE107994","RF_importance",100,0.971245791245791
"GSE13355","RF_importance",100,0.997421181512091
"GSE65682","RF_importance",100,0.688275849621889
"GSE69683","RF_importance",100,0.801482993197279
"imvigor210","RF_importance",100,0.662032085561497
"sosall","RF_importance",100,0.640240740740741
"GSE101794","Stabl",100,0.9816
"GSE107994","Stabl",100,0.970252525252525
"GSE13355","Stabl",100,0.999537037037037
"GSE65682","Stabl",100,0.671962026458751
"GSE69683","Stabl",100,0.782727891156463
"imvigor210","Stabl",100,0.636066547831254
"sosall","Stabl",100,0.658230158730159
"GSE101794","Boruta",200,0.980266666666667
"GSE107994","Boruta",200,0.971759259259259
"GSE13355","Boruta",200,0.996782216100398
"GSE65682","Boruta",200,0.686687602649485
"GSE69683","Boruta",200,0.803101473922902
"imvigor210","Boruta",200,0.647379679144385
"sosall","Boruta",200,0.666359788359788
"GSE101794","DGE",200,0.975139869281046
"GSE107994","DGE",200,0.969579124579125
"GSE13355","DGE",200,0.999537037037037
"GSE65682","DGE",200,0.676526431678308
"GSE69683","DGE",200,0.806722789115646
"imvigor210","DGE",200,0.63065953654189
"sosall","DGE",200,0.657830687830688
"GSE101794","ElasticNet",200,0.979743790849673
"GSE107994","ElasticNet",200,0.970092592592593
"GSE13355","ElasticNet",200,0.998435108662381
"GSE65682","ElasticNet",200,0.677757323081921
"GSE69683","ElasticNet",200,0.781564058956916
"imvigor210","ElasticNet",200,0.611527035056447
"sosall","ElasticNet",200,0.660015873015873
"GSE101794","GS_full_ungrouped",200,0.981715032679739
"GSE107994","GS_full_ungrouped",200,0.968425925925926
"GSE13355","GS_full_ungrouped",200,0.998435108662381
"GSE65682","GS_full_ungrouped",200,0.668235060551916
"GSE69683","GS_full_ungrouped",200,0.785895124716553
"imvigor210","GS_full_ungrouped",200,0.643612596553773
"sosall","GS_full_ungrouped",200,0.67152380952381
"GSE101794","LASSO",200,0.978705882352941
"GSE107994","LASSO",200,0.968905723905724
"GSE13355","LASSO",200,0.998986072849709
"GSE65682","LASSO",200,0.678477448697818
"GSE69683","LASSO",200,0.792329931972789
"imvigor210","LASSO",200,0.61126559714795
"sosall","LASSO",200,0.642616402116402
"GSE101794","mRMR",200,0.980154248366013
"GSE107994","mRMR",200,0.968745791245791
"GSE13355","mRMR",200,0.999537037037037
"GSE65682","mRMR",200,0.68125146642121
"GSE69683","mRMR",200,0.80003514739229
"imvigor210","mRMR",200,0.641307189542484
"sosall","mRMR",200,0.681539682539682
"GSE101794","RF_importance",200,0.979362091503268
"GSE107994","RF_importance",200,0.971759259259259
"GSE13355","RF_importance",200,0.998435108662381
"GSE65682","RF_importance",200,0.695045752341762
"GSE69683","RF_importance",200,0.802042517006803
"imvigor210","RF_importance",200,0.659061200237671
"sosall","RF_importance",200,0.631113756613757
"GSE101794","Stabl",200,0.982509803921569
"GSE107994","Stabl",200,0.968745791245791
"GSE13355","Stabl",200,0.999537037037037
"GSE65682","Stabl",200,0.681819986644287
"GSE69683","Stabl",200,0.796541950113379
"imvigor210","Stabl",200,0.643481877599525
"sosall","Stabl",200,0.662478835978836
"GSE101794","Boruta",500,0.98041568627451
"GSE107994","Boruta",500,0.971759259259259
"GSE13355","Boruta",500,0.996782216100398
"GSE65682","Boruta",500,0.680957279766094
"GSE69683","Boruta",500,0.811388888888889
"imvigor210","Boruta",500,0.652774806892454
"sosall","Boruta",500,0.662828042328042
"GSE101794","DGE",500,0.979359477124183
"GSE107994","DGE",500,0.970925925925926
"GSE13355","DGE",500,0.999537037037037
"GSE65682","DGE",500,0.684014655187973
"GSE69683","DGE",500,0.804972222222222
"imvigor210","DGE",500,0.649887106357695
"sosall","DGE",500,0.657862433862434
"GSE101794","ElasticNet",500,0.979874509803922
"GSE107994","ElasticNet",500,0.970092592592593
"GSE13355","ElasticNet",500,0.998986072849709
"GSE65682","ElasticNet",500,0.682242315952858
"GSE69683","ElasticNet",500,0.796801587301587
"imvigor210","ElasticNet",500,0.605193107546049
"sosall","ElasticNet",500,0.662227513227513
"GSE101794","GS_full_ungrouped",500,0.980922875816993
"GSE107994","GS_full_ungrouped",500,0.971759259259259
"GSE13355","GS_full_ungrouped",500,0.998435108662381
"GSE65682","GS_full_ungrouped",500,0.676558918548198
"GSE69683","GS_full_ungrouped",500,0.789148526077097
"imvigor210","GS_full_ungrouped",500,0.663446226975639
"sosall","GS_full_ungrouped",500,0.667031746031746
"GSE101794","LASSO",500,0.979356862745098
"GSE107994","LASSO",500,0.975092592592593
"GSE13355","LASSO",500,0.998986072849709
"GSE65682","LASSO",500,0.689566300286967
"GSE69683","LASSO",500,0.79731179138322
"imvigor210","LASSO",500,0.60817587641117
"sosall","LASSO",500,0.660640211640212
"GSE101794","mRMR",500,0.98041045751634
"GSE107994","mRMR",500,0.970252525252525
"GSE13355","mRMR",500,0.999537037037037
"GSE65682","mRMR",500,0.685996354251268
"GSE69683","mRMR",500,0.806312925170068
"imvigor210","mRMR",500,0.635698158051099
"sosall","mRMR",500,0.679597883597884
"GSE101794","RF_importance",500,0.981448366013072
"GSE107994","RF_importance",500,0.969259259259259
"GSE13355","RF_importance",500,0.998523109886746
"GSE65682","RF_importance",500,0.689506741025502
"GSE69683","RF_importance",500,0.805303287981859
"imvigor210","RF_importance",500,0.656720142602496
"sosall","RF_importance",500,0.664037037037037
"GSE101794","Stabl",500,0.982494117647059
"GSE107994","Stabl",500,0.969259259259259
"GSE13355","Stabl",500,0.998986072849709
"GSE65682","Stabl",500,0.688997780063891
"GSE69683","Stabl",500,0.802143990929705
"imvigor210","Stabl",500,0.645145573380867
"sosall","Stabl",500,0.659071428571428
