"dataset","method","cutoff","open_targets_enrichment","within_cell_rank"
"GSE101794","Boruta",0.05,1.29780990776941,2
"GSE107994","Boruta",0.05,8.91060308590166,2
"GSE13355","Boruta",0.05,2.21550002490263,4
"GSE65682","Boruta",0.05,1.11377638933262,6
"GSE69683","Boruta",0.05,1.7623473480818,3
"imvigor210","Boruta",0.05,1.03399357155086,3
"sosall","Boruta",0.05,0.167661278649749,4.66666666666667
"GSE101794","DGE",0.05,1.30058560733011,2.66666666666667
"GSE107994","DGE",0.05,9.52313772813965,1.66666666666667
"GSE13355","DGE",0.05,3.40915865965946,1.66666666666667
"GSE65682","DGE",0.05,1.15433567391492,6
"GSE69683","DGE",0.05,2.68832141699995,1
"imvigor210","DGE",0.05,0.765540357521504,4.66666666666667
"sosall","DGE",0.05,0.415750382106654,2.66666666666667
"GSE101794","ElasticNet",0.05,0.386193590660885,7
"GSE107994","ElasticNet",0.05,6.33098096608778,5
"GSE13355","ElasticNet",0.05,1.58606072851445,7
"GSE65682","ElasticNet",0.05,1.4243480567072,3.16666666666667
"GSE69683","ElasticNet",0.05,0.829161701441944,6
"imvigor210","ElasticNet",0.05,0.975236424854933,3.33333333333333
"sosall","ElasticNet",0.05,0.168419801897727,4.33333333333333
"GSE101794","GS_full_ungrouped",0.05,1.01777612384563,4
"GSE107994","GS_full_ungrouped",0.05,7.95858120356852,4
"GSE13355","GS_full_ungrouped",0.05,2.13232905106212,5
"GSE65682","GS_full_ungrouped",0.05,1.5045061110574,2.66666666666667
"GSE69683","GS_full_ungrouped",0.05,1.83208712804011,4
"imvigor210","GS_full_ungrouped",0.05,0.663481394728848,6
"sosall","GS_full_ungrouped",0.05,0.0889304356215167,5
"GSE101794","LASSO",0.05,0.426452954185371,6
"GSE107994","LASSO",0.05,4.64196887026322,6
"GSE13355","LASSO",0.05,1.94628255188688,5.66666666666667
"GSE65682","LASSO",0.05,1.76841666366082,1.33333333333333
"GSE69683","LASSO",0.05,1.39250913968783,3.66666666666667
"imvigor210","LASSO",0.05,2.27328457936684,1.33333333333333
"sosall","LASSO",0.05,0.637930239989056,2.66666666666667
"GSE101794","mRMR",0.05,0.669436293582097,5
"GSE107994","mRMR",0.05,2.7201169331999,7
"GSE13355","mRMR",0.05,3.24597878044854,1.33333333333333
"GSE65682","mRMR",0.05,1.13285939311933,5.66666666666667
"GSE69683","mRMR",0.05,0.616127485710147,7
"imvigor210","mRMR",0.05,0.389924031598751,7
"sosall","mRMR",0.05,0.087720966022332,5.33333333333333
"GSE101794","RF_importance",0.05,1.4958606506865,1.33333333333333
"GSE107994","RF_importance",0.05,9.3544210403373,2.33333333333333
"GSE13355","RF_importance",0.05,2.31958583130874,3.33333333333333
"GSE65682","RF_importance",0.05,1.39805396429563,3.16666666666667
"GSE69683","RF_importance",0.05,1.74374489741173,3.33333333333333
"imvigor210","RF_importance",0.05,1.14299847635101,2.66666666666667
"sosall","RF_importance",0.05,0.332845396808074,3.33333333333333
"GSE101794","Boruta",0.1,0.716748298571552,2.66666666666667
"GSE107994","Boruta",0.1,4.50449515929379,1.16666666666667
"GSE13355","Boruta",0.1,1.90062075957171,4.5
"GSE65682","Boruta",0.1,0.965962541985133,6.33333333333333
"GSE69683","Boruta",0.1,1.53358081864152,3.33333333333333
"imvigor210","Boruta",0.1,0.788452339730087,3.83333333333333
"sosall","Boruta",0.1,0.195865272306179,3.83333333333333
"GSE101794","DGE",0.1,0.845871657953947,2.33333333333333
"GSE107994","DGE",0.1,1.49950839363881,3.83333333333333
"GSE13355","DGE",0.1,2.74684063099851,2
"GSE65682","DGE",0.1,0.334971108469763,5.66666666666667
"GSE69683","DGE",0.1,2.29918602309231,1
"imvigor210","DGE",0.1,0.390187458310779,5.16666666666667
"sosall","DGE",0.1,0,4.66666666666667
"GSE101794","ElasticNet",0.1,0.101978704403766,6.5
"GSE107994","ElasticNet",0.1,1.47131209685504,4.16666666666667
"GSE13355","ElasticNet",0.1,1.41895276218578,6.33333333333333
"GSE65682","ElasticNet",0.1,1.39799031121043,2.66666666666667
"GSE69683","ElasticNet",0.1,0.37279456309464,6.33333333333333
"imvigor210","ElasticNet",0.1,0.755398265805017,3.5
"sosall","ElasticNet",0.1,0,4.66666666666667
"GSE101794","GS_full_ungrouped",0.1,0.708272478086033,3.66666666666667
"GSE107994","GS_full_ungrouped",0.1,1.45666495758883,4.83333333333333
"GSE13355","GS_full_ungrouped",0.1,2.11208207140669,3
"GSE65682","GS_full_ungrouped",0.1,1.17186038924795,3.83333333333333
"GSE69683","GS_full_ungrouped",0.1,1.55941482755873,3.33333333333333
"imvigor210","GS_full_ungrouped",0.1,0.28314216319951,5.33333333333333
"sosall","GS_full_ungrouped",0.1,0,4.66666666666667
"GSE101794","LASSO",0.1,0.125203713456216,6.16666666666667
"GSE107994","LASSO",0.1,1.37087312441311,5.66666666666667
"GSE13355","LASSO",0.1,1.79776140075091,5.33333333333333
"GSE65682","LASSO",0.1,1.79468151262735,1
"GSE69683","LASSO",0.1,0.86102095495252,4.33333333333333
"imvigor210","LASSO",0.1,2.26824990030437,1.33333333333333
"sosall","LASSO",0.1,0.729298251004919,2.33333333333333
"GSE101794","mRMR",0.1,0.384049180631253,5.33333333333333
"GSE107994","mRMR",0.1,0,6.33333333333333
"GSE13355","mRMR",0.1,2.9520444400541,1
"GSE65682","mRMR",0.1,1.04651169575854,5.33333333333333
"GSE69683","mRMR",0.1,0.320769281312036,6.33333333333333
"imvigor210","mRMR",0.1,0.119756287592439,6
"sosall","mRMR",0.1,0,4.66666666666667
"GSE101794","RF_importance",0.1,1.10172073271824,1.33333333333333
"GSE107994","RF_importance",0.1,3.64401987821887,2
"GSE13355","RF_importance",0.1,1.73428869065432,5.83333333333333
"GSE65682","RF_importance",0.1,1.17981408365028,3.16666666666667
"GSE69683","RF_importance",0.1,1.3731641112006,3.33333333333333
"imvigor210","RF_importance",0.1,0.96715173235423,2.83333333333333
"sosall","RF_importance",0.1,0.341307355594957,3.16666666666667
