dataset,k,mean_random_AUC,sd_across_splits,se_across_splits,mean_within_split_mc_se,n_splits,n_draws_per_split
GSE101794,10,0.919961568627451,0.0180856365721868,0.0046696912833092,0.006878613821854,15,30
GSE101794,20,0.942638954248366,0.0208460289759132,0.0053824215372179,0.0046926675941419,15,30
GSE101794,50,0.961145795206972,0.0166851520260129,0.0043080877283791,0.003057077783638,15,30
GSE101794,100,0.96802091503268,0.0150466954027001,0.0038850400473408,0.0022724635978566,15,30
GSE101794,200,0.972922265795207,0.0142198401509517,0.0036715469393578,0.0018316552767907,15,30
GSE101794,500,0.977105185185185,0.0132116594809147,0.0034112358096897,0.0013670276652626,15,30
GSE107994,10,0.88093125701459,0.0405946210391381,0.0104814860820122,0.0144630310743143,15,30
GSE107994,20,0.925294893378227,0.0388346710774575,0.0100270689558957,0.009218110793109,15,30
GSE107994,50,0.952110269360269,0.0347251445707124,0.0089659937744676,0.0052977255814926,15,30
GSE107994,100,0.961360830527497,0.0332136215841526,0.0085757202175105,0.0039367307648695,15,30
GSE107994,200,0.963615039281706,0.0342048774638071,0.0088316613850926,0.0032630490475477,15,30
GSE107994,500,0.969030583613917,0.0309062664686568,0.0079799636884371,0.0020081204791993,15,30
GSE13355,10,0.994442021222324,0.0069571394156892,0.0017963256729471,0.0016416827874553,15,30
GSE13355,20,0.997206790123457,0.0052364441605966,0.001352044068489,0.000763381809038,15,30
GSE13355,50,0.997978139985716,0.003630057786928,0.0009372768903028,0.0004277007475335,15,30
GSE13355,100,0.998527701254974,0.002934470363516,0.0007576769898557,0.0002959709134957,15,30
GSE13355,200,0.998457172737476,0.0032365727097839,0.0008356794802521,0.000310706148141,15,30
GSE13355,500,0.99854900010203,0.0028828022062416,0.0007443363290122,0.00030022603177,15,30
GSE65682,10,0.573200377810265,0.0435881636521297,0.0112544154610975,0.0114748434209848,15,30
GSE65682,20,0.600624710475812,0.0523141195058968,0.0135074475745229,0.0098813544046931,15,30
GSE65682,50,0.626968914878385,0.0552855553610583,0.0142746690132805,0.008083266862232,15,30
GSE65682,100,0.640178497301785,0.0613505465046306,0.0158406429928772,0.0067210245863062,15,30
GSE65682,200,0.648673633295432,0.0629244200400301,0.0162470153923198,0.0059043802202551,15,30
GSE65682,500,0.660701295263535,0.0650218910644398,0.0167885800820992,0.0051922675793383,15,30
GSE69683,10,0.676434391534392,0.0484777703863244,0.0125169064911668,0.0128899488137328,15,30
GSE69683,20,0.716430914588057,0.048802582324915,0.0126007725730875,0.0109648197332733,15,30
GSE69683,50,0.759195653817082,0.0559395921918695,0.0144435405968497,0.0079256142615685,15,30
GSE69683,100,0.774211413454271,0.0602024904829812,0.0155442162027198,0.0064789521900427,15,30
GSE69683,200,0.788262207105064,0.0615999944262882,0.0159050501692989,0.0053910807450191,15,30
GSE69683,500,0.796472978080121,0.0625770713615289,0.0161573303491756,0.0041573243227641,15,30
imvigor210,10,0.542008318478907,0.0354927509151668,0.0091641888803686,0.0264734215798826,15,30
imvigor210,20,0.54985541691424,0.046803693647917,0.0120846617359584,0.0246438341449251,15,30
imvigor210,50,0.574309368191721,0.0489429160095764,0.0126370065746612,0.022936901675905,15,30
imvigor210,100,0.609901366607249,0.0510211294329965,0.0131735989732459,0.0199706016578879,15,30
imvigor210,200,0.628945533769063,0.0688171660809922,0.0177685158776582,0.018103013107741,15,30
imvigor210,500,0.64812715389186,0.0674342170260169,0.0174114399670867,0.0123741277428629,15,30
sosall,10,0.54451569664903,0.0382371951749188,0.0098728013412095,0.0176481821599804,15,30
sosall,20,0.560457407407407,0.0394010045143336,0.0101732956205238,0.0184015624299384,15,30
sosall,50,0.584651410934744,0.0555428732416886,0.0143411082043713,0.0168395825171622,15,30
sosall,100,0.603521781305115,0.0593864939603414,0.0153335268065366,0.0154797265059802,15,30
sosall,200,0.616916137566138,0.0712654001643505,0.0184006471998225,0.0142326635927344,15,30
sosall,500,0.640823544973545,0.0819249064337256,0.021152919883828,0.0110900776573469,15,30
