"dataset","dataset_group","method","k","n_outer_splits","nogueira_stability","nogueira_fixed_common_genes_actual_selection","nogueira_fixed_common_genes_reranked_topk","nogueira_exact_topk_union","mean_number_actual_topk_in_common","mean_fraction_actual_topk_in_common","mean_jaccard","median_jaccard","mean_dice","mean_overlap_coefficient","mean_auc","mean_auc_minus_random","candidate_union_size","candidate_intersection_size","candidate_pool_constant"
"GSE101794","development","GeneSelectR",10,15,0.572943953752604,0.572943953752604,0.570811662726556,0.555179837892604,9.66666666666667,0.966666666666667,0.394512676865618,0.428571428571429,0.557142857142857,0.557142857142857,0.974496732026144,0.0669856209150327,2266,1702,FALSE
"GSE101794","development","GeneSelectR",20,15,0.597588065981098,0.597588065981098,0.606808221505011,0.588270788279693,17.8666666666667,0.893333333333333,0.424865249320464,0.428571428571429,0.591904761904762,0.591904761904762,0.980269281045752,0.0414867102396514,2266,1702,FALSE
"GSE101794","development","GeneSelectR",50,15,0.644618048706016,0.644618048706016,0.631262769514586,0.628176551487021,44.6666666666667,0.893333333333333,0.47008900089948,0.470588235294118,0.636380952380952,0.636380952380952,0.982747712418301,0.0230483660130721,2266,1702,FALSE
"GSE101794","development","DGE",10,15,0.682898795451987,0.682898795451987,0.682898795451987,0.683364572779466,10,1,0.541622103386809,0.538461538461538,0.684761904761905,0.684761904761905,0.955947712418301,0.0484366013071895,2266,1702,FALSE
"GSE101794","development","DGE",20,15,0.833278976275409,0.833278976275409,0.833278976275409,0.833770936691685,20,1,0.722567315362346,0.739130434782609,0.835238095238095,0.835238095238095,0.957840522875817,0.0190579520697168,2266,1702,FALSE
"GSE101794","development","DGE",50,15,0.855173988239364,0.855173988239364,0.855173988239364,0.856256833419288,50,1,0.755359706127914,0.754385964912281,0.859428571428571,0.859428571428571,0.969900653594771,0.0102013071895427,2266,1702,FALSE
"GSE101794","development","Random forest",10,15,0.673453335768964,0.673453335768964,0.691520882584712,0.66710233029382,9.26666666666667,0.926666666666667,0.510072467215324,0.538461538461538,0.668571428571429,0.668571428571429,0.968271895424837,0.0607607843137255,2266,1702,FALSE
"GSE101794","development","Random forest",20,15,0.738433427597514,0.738433427597514,0.734499178981938,0.72855658737226,19,0.95,0.580069181642681,0.6,0.730952380952381,0.730952380952381,0.970264052287582,0.0314814814814814,2266,1702,FALSE
"GSE101794","development","Random forest",50,15,0.739789615089317,0.739789615089317,0.726439755563242,0.728874677668902,47.4,0.948,0.58221939501956,0.587301587301587,0.734857142857143,0.734857142857143,0.978311111111111,0.0186117647058825,2266,1702,FALSE
"GSE101794","development","Boruta",10,15,0.842743192755453,0.842743192755453,0.845760441292356,0.823028537656197,9.13333333333333,0.913333333333333,0.706931164074021,0.666666666666667,0.823809523809524,0.823809523809524,0.972339869281046,0.0648287581699347,2266,1702,FALSE
"GSE101794","development","Boruta",20,15,0.752862659590973,0.752862659590973,0.745581790385595,0.732880464741551,18.4666666666667,0.923333333333333,0.584068133384904,0.6,0.735238095238095,0.735238095238095,0.974886274509804,0.0361037037037037,2266,1702,FALSE
"GSE101794","development","Boruta",50,15,0.746390814730469,0.746390814730469,0.753521042315231,0.738029052776345,47,0.94,0.593583410193846,0.587301587301587,0.743809523809524,0.743809523809524,0.980125490196079,0.0204261437908499,2266,1702,FALSE
"GSE101794","development","mRMR",10,15,0.620316931533973,0.620316931533973,0.657032534053811,0.620228807835191,7.53333333333333,0.753333333333333,0.463057390788483,0.428571428571429,0.621904761904762,0.621904761904762,0.975048366013072,0.0675372549019608,2266,1702,FALSE
"GSE101794","development","mRMR",20,15,0.702734164354933,0.702734164354933,0.770156276541532,0.691563414323877,16.4666666666667,0.823333333333333,0.534781514411699,0.538461538461538,0.694285714285714,0.694285714285714,0.982258823529412,0.0434762527233117,2266,1702,FALSE
"GSE101794","development","mRMR",50,15,0.761508396656099,0.761508396656099,0.755875936815404,0.738418600653258,42.9333333333333,0.858666666666667,0.594336931634563,0.587301587301587,0.744190476190476,0.744190476190476,0.982912418300654,0.0232130718954251,2266,1702,FALSE
"GSE101794","development","LASSO",10,15,0.420017431889111,0.420017431889111,0.409866036249015,0.404036643026005,8.33333333333333,0.833333333333333,0.264504542257749,0.25,0.406666666666667,0.406666666666667,0.968724183006536,0.061213071895425,2266,1702,FALSE
"GSE101794","development","LASSO",20,15,0.458535402843931,0.458535402843931,0.487308759413397,0.447024127549506,16.7333333333333,0.836666666666667,0.29822806652415,0.290322580645161,0.451904761904762,0.451904761904762,0.973307189542484,0.0345246187363834,2266,1702,FALSE
"GSE101794","development","LASSO",50,15,0.59856388444711,0.59856388444711,0.64225227718206,0.58824789410349,44.5333333333333,0.890666666666667,0.429933249910905,0.428571428571429,0.597333333333333,0.597333333333333,0.974214379084967,0.0145150326797389,2266,1702,FALSE
"GSE101794","development","Elastic net",10,15,0.448389170177083,0.448389170177083,0.485548801080716,0.430821513002364,8.06666666666667,0.806666666666667,0.284770831409487,0.25,0.433333333333333,0.433333333333333,0.967560784313725,0.0600496732026144,2266,1702,FALSE
"GSE101794","development","Elastic net",20,15,0.529996569570817,0.529996569570817,0.537903289734443,0.503714964169105,16.5333333333333,0.826666666666667,0.345942902793932,0.333333333333333,0.508095238095238,0.508095238095238,0.977657516339869,0.0388749455337692,2266,1702,FALSE
"GSE101794","development","Elastic net",50,15,0.512818944656867,0.512818944656867,0.508023290672202,0.501183943613547,43.2666666666667,0.865333333333333,0.347273666079951,0.351351351351351,0.512190476190476,0.512190476190476,0.97999477124183,0.0202954248366015,2266,1702,FALSE
"GSE107994","development","GeneSelectR",10,15,0.664927482811724,0.664927482811724,0.652919215259843,0.644510869565217,9.66666666666667,0.966666666666667,0.502372510775872,0.538461538461538,0.645714285714286,0.645714285714286,0.965058922558923,0.0946212121212121,2954,1061,FALSE
"GSE107994","development","GeneSelectR",20,15,0.651642973394892,0.651642973394892,0.647643749142308,0.60782094978414,18.3333333333333,0.916666666666667,0.456652272316522,0.481481481481481,0.61047619047619,0.61047619047619,0.971565656565657,0.0589085297418631,2954,1061,FALSE
"GSE107994","development","GeneSelectR",50,15,0.531282832997554,0.531282832997554,0.514251801610853,0.46833425160698,39.2666666666667,0.785333333333333,0.317085031345691,0.333333333333333,0.477333333333333,0.477333333333333,0.967079124579125,0.0143602693602695,2954,1061,FALSE
"GSE107994","development","DGE",10,15,0.79052303170715,0.79052303170715,0.796174165194146,0.781163949275362,9.86666666666667,0.986666666666667,0.653977768263483,0.666666666666667,0.781904761904762,0.781904761904762,0.971245791245791,0.100808080808081,2954,1061,FALSE
"GSE107994","development","DGE",20,15,0.859310187494401,0.859310187494401,0.856339600201272,0.822608498068621,18.5333333333333,0.926666666666667,0.703416859193257,0.666666666666667,0.823809523809524,0.823809523809524,0.974259259259259,0.0616021324354658,2954,1061,FALSE
"GSE107994","development","DGE",50,15,0.902720811527733,0.902720811527733,0.864670152136027,0.846157943067034,41.4666666666667,0.829333333333333,0.739282284632201,0.754385964912281,0.848761904761905,0.848761904761905,0.968905723905724,0.0161868686868688,2954,1061,FALSE
"GSE107994","development","Random forest",10,15,0.482302424194568,0.482302424194568,0.501011281772462,0.465810688405797,9.46666666666667,0.946666666666667,0.311463046757164,0.333333333333333,0.467619047619048,0.467619047619048,0.968745791245791,0.0983080808080808,2954,1061,FALSE
"GSE107994","development","Random forest",20,15,0.639756217852137,0.639756217852137,0.659777228855039,0.597752783458305,17.8,0.89,0.43383513730513,0.428571428571429,0.60047619047619,0.60047619047619,0.970252525252525,0.0575953984287318,2954,1061,FALSE
"GSE107994","development","Random forest",50,15,0.73910716164862,0.73910716164862,0.745931703640903,0.664996326905418,40.7333333333333,0.814666666666667,0.507289685067816,0.515151515151515,0.670666666666667,0.670666666666667,0.962752525252525,0.0100336700336701,2954,1061,FALSE
"GSE107994","development","Boruta",10,15,0.535087275061005,0.535087275061005,0.553890625707943,0.516458333333333,9.46666666666667,0.946666666666667,0.359171873877756,0.333333333333333,0.518095238095238,0.518095238095238,0.968905723905724,0.0984680134680135,2954,1061,FALSE
"GSE107994","development","Boruta",20,15,0.680633017191855,0.680633017191855,0.710252504459997,0.645216996137242,18.2666666666667,0.913333333333333,0.483736297798483,0.481481481481481,0.647619047619048,0.647619047619048,0.966759259259259,0.0541021324354658,2954,1061,FALSE
"GSE107994","development","Boruta",50,15,0.726999651046635,0.726999651046635,0.723343412933918,0.642326905417815,39.5333333333333,0.790666666666667,0.481730494067273,0.470588235294118,0.648380952380952,0.648380952380952,0.964259259259259,0.0115404040404041,2954,1061,FALSE
"GSE107994","development","mRMR",10,15,0.275512209420457,0.275512209420457,0.336604594263967,0.234551630434783,7.6,0.76,0.140312382262847,0.111111111111111,0.237142857142857,0.237142857142857,0.961212121212121,0.0907744107744108,2954,1061,FALSE
"GSE107994","development","mRMR",20,15,0.416452059580967,0.416452059580967,0.479716389918119,0.368102703930925,15.2,0.76,0.234330648423608,0.212121212121212,0.372380952380952,0.372380952380952,0.96239898989899,0.0497418630751965,2954,1061,FALSE
"GSE107994","development","mRMR",50,15,0.540200587045393,0.540200587045393,0.584615326645001,0.476471992653812,37.2666666666667,0.745333333333333,0.32286030667717,0.31578947368421,0.485333333333333,0.485333333333333,0.967912457912458,0.0151936026936028,2954,1061,FALSE
"GSE107994","development","LASSO",10,15,0.315932522011931,0.315932522011931,0.303915545285669,0.277554347826087,8.06666666666667,0.806666666666667,0.168606344922134,0.176470588235294,0.28,0.28,0.961725589225589,0.0912878787878788,2954,1061,FALSE
"GSE107994","development","LASSO",20,15,0.435707263690667,0.435707263690667,0.525823612826495,0.390636219041128,16.6666666666667,0.833333333333333,0.253968891269202,0.25,0.394761904761905,0.394761904761905,0.961565656565657,0.0489085297418631,2954,1061,FALSE
"GSE107994","development","LASSO",50,15,0.693563485651362,0.693563485651362,0.715347557816401,0.663058769513315,45.8666666666667,0.917333333333333,0.504605332867184,0.515151515151515,0.668761904761905,0.668761904761905,0.964065656565657,0.0113468013468015,2954,1061,FALSE
"GSE107994","development","Elastic net",10,15,0.3680783637295,0.3680783637295,0.406789905305605,0.329157608695653,8.6,0.86,0.20811363681775,0.176470588235294,0.331428571428571,0.331428571428571,0.958872053872054,0.0884343434343435,2954,1061,FALSE
"GSE107994","development","Elastic net",20,15,0.480074213439571,0.480074213439571,0.531162343900096,0.423717336968871,16.4666666666667,0.823333333333333,0.281503956203909,0.25,0.427619047619048,0.427619047619048,0.964065656565657,0.0514085297418631,2954,1061,FALSE
"GSE107994","development","Elastic net",50,15,0.559309092018806,0.559309092018806,0.535041024916397,0.484997245179064,38.6666666666667,0.773333333333333,0.331269672005042,0.333333333333333,0.493714285714286,0.493714285714286,0.970092592592593,0.0173737373737375,2954,1061,FALSE
"GSE13355","development","GeneSelectR",10,15,0.430892480598143,0.430892480598143,0.425976072020848,0.427004038364462,9.86666666666667,0.986666666666667,0.315633769149912,0.25,0.42952380952381,0.42952380952381,0.993013468013468,0.00323308846036114,2274,1618,FALSE
"GSE13355","development","GeneSelectR",20,15,0.411245673080565,0.411245673080565,0.413223076464629,0.407166941310686,19.6666666666667,0.983333333333333,0.282670960595541,0.25,0.412380952380952,0.412380952380952,0.998435108662381,0.00214518926640146,2274,1618,FALSE
"GSE13355","development","GeneSelectR",50,15,0.504670818875147,0.504670818875147,0.519042031098154,0.503560637204523,48.6666666666667,0.973333333333333,0.3567127445073,0.388888888888889,0.514476190476191,0.514476190476191,0.998986072849709,0.00146923783287426,2274,1618,FALSE
"GSE13355","development","DGE",10,15,0.788214877990997,0.788214877990997,0.788214877990997,0.78859414437153,10,1,0.661119832548404,0.666666666666667,0.78952380952381,0.78952380952381,0.997972145699419,0.00819176614631161,2274,1618,FALSE
"GSE13355","development","DGE",20,15,0.793441880510857,0.793441880510857,0.794121818940342,0.791499556344277,19.9333333333333,0.996666666666667,0.662483814781951,0.666666666666667,0.793333333333333,0.793333333333333,0.99623125191307,-5.86674829098728e-05,2274,1618,FALSE
"GSE13355","development","DGE",50,15,0.838687546925007,0.838687546925007,0.842563411078717,0.839129496402878,49.2,0.984,0.730598397401926,0.724137931034483,0.842666666666667,0.842666666666667,0.99623125191307,-0.00128558310376487,2274,1618,FALSE
"GSE13355","development","Random forest",10,15,0.239535592899184,0.239535592899184,0.246773276474769,0.2452523977789,9.6,0.96,0.148123297902157,0.111111111111111,0.248571428571429,0.248571428571429,0.9964072543618,0.00662687480869294,2274,1618,FALSE
"GSE13355","development","Random forest",20,15,0.337402884998583,0.337402884998583,0.3495792359497,0.341830396754976,19.3333333333333,0.966666666666667,0.214259775283966,0.212121212121212,0.347619047619048,0.347619047619048,0.998986072849709,0.00269615345372926,2274,1618,FALSE
"GSE13355","development","Random forest",50,15,0.555670245283726,0.555670245283726,0.559727891156463,0.55945632065776,48.8666666666667,0.977333333333333,0.40045939076814,0.388888888888889,0.569142857142857,0.569142857142857,0.998435108662381,0.000918273645546463,2274,1618,FALSE
"GSE13355","development","Boruta",10,15,0.315322864883432,0.315322864883432,0.319604359156598,0.313170116102979,9.86666666666667,0.986666666666667,0.205431844352676,0.176470588235294,0.316190476190476,0.316190476190476,0.99623125191307,0.00645087235996321,2274,1618,FALSE
"GSE13355","development","Boruta",20,15,0.483047795122625,0.483047795122625,0.484099171583527,0.479709722398276,19.6,0.98,0.341685964202299,0.379310344827586,0.484285714285714,0.484285714285714,0.99623125191307,-5.86674829098724e-05,2274,1618,FALSE
"GSE13355","development","Boruta",50,15,0.658211324612682,0.658211324612682,0.659182215743441,0.66189928057554,48.9333333333333,0.978666666666667,0.511387400422276,0.492537313432836,0.669333333333333,0.669333333333333,0.99623125191307,-0.00128558310376487,2274,1618,FALSE
"GSE13355","development","mRMR",10,15,0.546722340677565,0.546722340677565,0.546722340677565,0.547534073700152,10,1,0.390512475386425,0.333333333333333,0.54952380952381,0.54952380952381,0.998435108662381,0.00865472910927454,2274,1618,FALSE
"GSE13355","development","mRMR",20,15,0.690941653257047,0.690941653257047,0.690941653257047,0.692053492204335,20,1,0.539447222934051,0.481481481481481,0.694761904761905,0.694761904761905,0.998435108662381,0.00214518926640146,2274,1618,FALSE
"GSE13355","development","mRMR",50,15,0.754585290180587,0.754585290180587,0.753919339164237,0.75577286742035,49.9333333333333,0.998666666666667,0.617806077418706,0.612903225806452,0.761142857142857,0.761142857142857,0.998986072849709,0.00146923783287426,2274,1618,FALSE
"GSE13355","development","LASSO",10,15,0.422178863290016,0.422178863290016,0.43364250177683,0.434656739020697,9.26666666666667,0.926666666666667,0.298879893837877,0.25,0.437142857142857,0.437142857142857,0.996870217324763,0.00708983777165588,2274,1618,FALSE
"GSE13355","development","LASSO",20,15,0.439792718040885,0.439792718040885,0.456134453781513,0.438393966282166,18.8,0.94,0.299792601860364,0.25,0.443333333333333,0.443333333333333,0.997509182736456,0.00121926334047553,2274,1618,FALSE
"GSE13355","development","LASSO",50,15,0.762348262205138,0.762348262205138,0.771215743440233,0.755188591983556,48.8,0.976,0.617284117090868,0.612903225806452,0.760571428571429,0.760571428571429,0.997972145699419,0.000455310682583532,2274,1618,FALSE
"GSE13355","development","Elastic net",10,15,0.336234184329245,0.336234184329245,0.371352760009477,0.362912670368501,8.46666666666667,0.846666666666667,0.237444793481945,0.25,0.365714285714286,0.365714285714286,0.997509182736456,0.00772880318334861,2274,1618,FALSE
"GSE13355","development","Elastic net",20,15,0.424988392467652,0.424988392467652,0.428169735979499,0.42734440359995,17.6666666666667,0.883333333333333,0.290410128907194,0.25,0.432380952380952,0.432380952380952,0.997972145699419,0.00168222630343846,2274,1618,FALSE
"GSE13355","development","Elastic net",50,15,0.497447766361099,0.497447766361099,0.512948979591838,0.49791264131552,45.9333333333333,0.918666666666667,0.355137960234193,0.333333333333333,0.508952380952381,0.508952380952381,0.998986072849709,0.00146923783287426,2274,1618,FALSE
"GSE65682","development","GeneSelectR",10,15,0.310856128439456,0.310856128439456,0.308500483714931,0.307321918703438,9.86666666666667,0.986666666666667,0.190590271196198,0.176470588235294,0.31047619047619,0.31047619047619,0.644588228924143,0.078314412739666,2196,1782,FALSE
"GSE65682","development","GeneSelectR",20,15,0.349771616973663,0.349771616973663,0.347437976325605,0.343064600840337,19.5333333333333,0.976666666666667,0.213485883111798,0.212121212121212,0.349047619047619,0.349047619047619,0.676400093850957,0.0720486581117908,2196,1782,FALSE
"GSE65682","development","GeneSelectR",50,15,0.336167369807453,0.336167369807453,0.33642890135269,0.320529356943151,46.7333333333333,0.934666666666667,0.203240338752783,0.204819277108434,0.336,0.336,0.672402404028372,0.0381437965118727,2196,1782,FALSE
"GSE65682","development","DGE",10,15,0.364632701421801,0.364632701421801,0.368839084166398,0.357072278133577,9.6,0.96,0.231662048535114,0.25,0.36,0.36,0.609327341310665,0.0430535251261875,2196,1782,FALSE
"GSE65682","development","DGE",20,15,0.380369695191655,0.380369695191655,0.383076049943247,0.375262605042018,18.7333333333333,0.936666666666667,0.242821660279984,0.212121212121212,0.380952380952381,0.380952380952381,0.636266175753966,0.0319147400147995,2196,1782,FALSE
"GSE65682","development","DGE",50,15,0.46471571279846,0.46471571279846,0.468907951171232,0.45657941685528,46.4,0.928,0.31299726948195,0.31578947368421,0.468952380952381,0.468952380952381,0.650009926543577,0.0157513190270781,2196,1782,FALSE
"GSE65682","development","Random forest",10,15,0.363450743292465,0.363450743292465,0.362134795227346,0.356115540452228,9.73333333333333,0.973333333333333,0.224658635383978,0.176470588235294,0.359047619047619,0.359047619047619,0.655494793076687,0.0892209768922098,2196,1782,FALSE
"GSE65682","development","Random forest",20,15,0.37317664024363,0.37317664024363,0.379223285227826,0.368534663865547,18.7333333333333,0.936666666666667,0.23397552580959,0.212121212121212,0.374285714285714,0.374285714285714,0.663024527586767,0.0586730918476003,2196,1782,FALSE
"GSE65682","development","Random forest",50,15,0.42370502441622,0.42370502441622,0.428733091388982,0.411164425509254,45.8666666666667,0.917333333333333,0.270958500278469,0.265822784810127,0.424571428571429,0.424571428571429,0.681209955420795,0.0469513479042959,2196,1782,FALSE
"GSE65682","development","Boruta",10,15,0.330719847180578,0.330719847180578,0.338190906159304,0.32167298392367,9.6,0.96,0.200943301297127,0.176470588235294,0.324761904761905,0.324761904761905,0.634279062212356,0.0680052460278786,2196,1782,FALSE
"GSE65682","development","Boruta",20,15,0.38154319818216,0.38154319818216,0.390781579374089,0.369976365546219,18.5333333333333,0.926666666666667,0.234024077493946,0.25,0.375714285714286,0.375714285714286,0.650896096161135,0.0465446604219681,2196,1782,FALSE
"GSE65682","development","Boruta",50,15,0.423137907584839,0.423137907584839,0.429321016166283,0.412528824390895,45.7333333333333,0.914666666666667,0.272263423920933,0.265822784810127,0.425904761904762,0.425904761904762,0.665836446658364,0.0315778391418651,2196,1782,FALSE
"GSE65682","development","mRMR",10,15,0.372976139397026,0.372976139397026,0.372670106417285,0.369509867991112,9.86666666666667,0.986666666666667,0.240120825658199,0.25,0.372380952380952,0.372380952380952,0.682460699911564,0.116186883727086,2196,1782,FALSE
"GSE65682","development","mRMR",20,15,0.491058026831738,0.491058026831738,0.49673260904816,0.471856617647059,19.0666666666667,0.953333333333333,0.317826185281621,0.333333333333333,0.476666666666667,0.476666666666667,0.688357066796614,0.0840056310574475,2196,1782,FALSE
"GSE65682","development","mRMR",50,15,0.556189262971363,0.556189262971363,0.572186737050479,0.535129809612569,46.3333333333333,0.926666666666667,0.37667088732081,0.36986301369863,0.545714285714286,0.545714285714286,0.677125633945169,0.0428670264286701,2196,1782,FALSE
"GSE65682","development","LASSO",10,15,0.380460714441999,0.380460714441999,0.38128990648178,0.374293556397857,9.8,0.98,0.238726088726089,0.25,0.377142857142857,0.377142857142857,0.66793365459238,0.101659838407903,2196,1782,FALSE
"GSE65682","development","LASSO",20,15,0.360924773375926,0.360924773375926,0.36044105724015,0.353637079831934,19.4666666666667,0.973333333333333,0.228065279611506,0.212121212121212,0.35952380952381,0.35952380952381,0.673521396213475,0.0691699604743084,2196,1782,FALSE
"GSE65682","development","LASSO",50,15,0.591708330518209,0.591708330518209,0.595703728142528,0.584443083477567,49.2,0.984,0.446733160019089,0.470588235294118,0.593904761904762,0.593904761904762,0.676098687891422,0.0418400803749223,2196,1782,FALSE
"GSE65682","development","Elastic net",10,15,0.384581439210755,0.384581439210755,0.38128990648178,0.37142334335381,9.6,0.96,0.234780578898226,0.25,0.374285714285714,0.374285714285714,0.656379157868139,0.0901053416836621,2196,1782,FALSE
"GSE65682","development","Elastic net",20,15,0.392682819533105,0.392682819533105,0.395115939678937,0.378146008403362,19.1333333333333,0.956666666666667,0.24274715005795,0.212121212121212,0.383809523809524,0.383809523809524,0.671920515458336,0.067569079719169,2196,1782,FALSE
"GSE65682","development","Elastic net",50,15,0.386245674740486,0.386245674740486,0.386990432200595,0.37530022633471,48,0.96,0.257619051073296,0.204819277108434,0.38952380952381,0.38952380952381,0.673037702817334,0.0387790953008343,2196,1782,FALSE
"GSE69683","development","GeneSelectR",10,15,0.509102692728305,0.509102692728305,0.519026404059516,0.486346858882744,8.93333333333333,0.893333333333333,0.332153203161607,0.333333333333333,0.488571428571429,0.488571428571429,0.774833900226757,0.101458049886621,2309,1671,FALSE
"GSE69683","development","GeneSelectR",20,15,0.53779045187166,0.53779045187166,0.540211127455222,0.522050593937881,17.9333333333333,0.896666666666667,0.361992840242498,0.379310344827586,0.526190476190476,0.526190476190476,0.792778911564626,0.0925757747543462,2309,1671,FALSE
"GSE69683","development","GeneSelectR",50,15,0.530340591035143,0.530340591035143,0.506372433242268,0.505287295263392,43.6,0.872,0.349834628687407,0.351351351351351,0.516,0.516,0.794045351473923,0.0423144368858654,2309,1671,FALSE
"GSE69683","development","DGE",10,15,0.571235650297022,0.571235650297022,0.621544680485078,0.580086165827793,9,0.9,0.426337434740796,0.428571428571429,0.581904761904762,0.581904761904762,0.768886621315193,0.0955107709750566,2309,1671,FALSE
"GSE69683","development","DGE",20,15,0.698839074912893,0.698839074912893,0.6872086181535,0.684889637812312,17.9333333333333,0.896666666666667,0.533015644296939,0.538461538461538,0.687619047619048,0.687619047619048,0.785518707482993,0.0853155706727137,2309,1671,FALSE
"GSE69683","development","DGE",50,15,0.757444023147294,0.757444023147294,0.756524191416234,0.731324859292987,44.8666666666667,0.897333333333333,0.586813266461383,0.587301587301587,0.737142857142857,0.737142857142857,0.796871315192744,0.0451404006046862,2309,1671,FALSE
"GSE69683","development","Random forest",10,15,0.494619215949767,0.494619215949767,0.493157306269889,0.473912052859421,9.53333333333333,0.953333333333333,0.320257846728435,0.333333333333333,0.476190476190476,0.476190476190476,0.778686507936508,0.105310657596372,2309,1671,FALSE
"GSE69683","development","Random forest",20,15,0.524793530484617,0.524793530484617,0.519486891061695,0.500915142815536,18.6666666666667,0.933333333333333,0.343344755410294,0.333333333333333,0.505238095238095,0.505238095238095,0.7894410430839,0.0892379062736207,2309,1671,FALSE
"GSE69683","development","Random forest",50,15,0.566144024122536,0.566144024122536,0.556638406627303,0.535853959822088,45.4,0.908,0.377685194535073,0.36986301369863,0.545904761904762,0.545904761904762,0.802977324263039,0.0512464096749811,2309,1671,FALSE
"GSE69683","development","Boruta",10,15,0.538215293866481,0.538215293866481,0.546811731315043,0.523651276952712,9.66666666666667,0.966666666666667,0.365092703748166,0.333333333333333,0.525714285714286,0.525714285714286,0.783504535147392,0.110128684807256,2309,1671,FALSE
"GSE69683","development","Boruta",20,15,0.477324480326729,0.477324480326729,0.480448213204119,0.451919324304646,18.6666666666667,0.933333333333333,0.300151054962813,0.290322580645161,0.456666666666667,0.456666666666667,0.791998299319728,0.0917951625094483,2309,1671,FALSE
"GSE69683","development","Boruta",50,15,0.53648250826259,0.53648250826259,0.54132299286155,0.511906827715594,44.8666666666667,0.897333333333333,0.355577129012408,0.351351351351351,0.522476190476191,0.522476190476191,0.797160997732426,0.0454300831443688,2309,1671,FALSE
"GSE69683","development","mRMR",10,15,0.321757007780669,0.321757007780669,0.370518620452395,0.294085627291369,8.66666666666667,0.866666666666667,0.182332888171013,0.176470588235294,0.297142857142857,0.297142857142857,0.760396825396825,0.0870209750566893,2309,1671,FALSE
"GSE69683","development","mRMR",20,15,0.406812238430295,0.406812238430295,0.419721380981224,0.375543489567081,16.9333333333333,0.846666666666667,0.239452517448143,0.25,0.380952380952381,0.380952380952381,0.77533843537415,0.0751352985638701,2309,1671,FALSE
"GSE69683","development","mRMR",50,15,0.530169049466937,0.530169049466937,0.568615845597956,0.505871371656233,42.0666666666667,0.841333333333333,0.351102606082945,0.351351351351351,0.516571428571429,0.516571428571429,0.785329365079365,0.0335984504913077,2309,1671,FALSE
"GSE69683","development","LASSO",10,15,0.449894120317221,0.449894120317221,0.4232149307646,0.42417282876613,8.66666666666667,0.866666666666667,0.278549881491058,0.25,0.426666666666667,0.426666666666667,0.783034013605442,0.109658163265306,2309,1671,FALSE
"GSE69683","development","LASSO",20,15,0.472126727203603,0.472126727203603,0.495870900752791,0.440871247581602,17.4666666666667,0.873333333333333,0.297084196890175,0.290322580645161,0.445714285714286,0.445714285714286,0.782269841269841,0.0820667044595617,2309,1671,FALSE
"GSE69683","development","LASSO",50,15,0.727198843379117,0.727198843379117,0.763396492464969,0.695696199329666,46.8,0.936,0.552641046384897,0.538461538461538,0.702285714285714,0.702285714285714,0.787725056689342,0.0359941421012848,2309,1671,FALSE
"GSE69683","development","Elastic net",10,15,0.439228409064153,0.439228409064153,0.436628537025888,0.404085834420763,8.46666666666667,0.846666666666667,0.262081467764794,0.25,0.406666666666667,0.406666666666667,0.768445011337868,0.0950691609977323,2309,1671,FALSE
"GSE69683","development","Elastic net",20,15,0.414178257447339,0.414178257447339,0.421649216924808,0.382748756995154,16.8,0.84,0.244472351923208,0.25,0.388095238095238,0.388095238095238,0.778757369614512,0.0785542328042329,2309,1671,FALSE
"GSE69683","development","Elastic net",50,15,0.468001651372952,0.468001651372952,0.48830809905702,0.442985813360317,43.7333333333333,0.874666666666667,0.306704871967875,0.282051282051282,0.455047619047619,0.455047619047619,0.779142290249433,0.0274113756613757,2309,1671,FALSE
"imvigor210","development","GeneSelectR",10,15,0.305472354312984,0.305472354312984,0.328234250221828,0.294130181862715,7.46666666666667,0.746666666666667,0.178495257752224,0.176470588235294,0.297142857142857,0.297142857142857,0.667807486631016,0.152972865914042,2343,1620,FALSE
"imvigor210","development","GeneSelectR",20,15,0.324356989720973,0.324356989720973,0.339946428571429,0.318468113892135,14.8666666666667,0.743333333333333,0.197386813141283,0.176470588235294,0.324285714285714,0.324285714285714,0.674212715389186,0.116815210932858,2343,1620,FALSE
"imvigor210","development","GeneSelectR",50,15,0.331040907845959,0.331040907845959,0.330969972702458,0.325803002928168,38.0666666666667,0.761333333333333,0.20683705381914,0.204819277108434,0.340190476190476,0.340190476190476,0.667890671420083,0.0877639136462666,2343,1620,FALSE
"imvigor210","development","DGE",10,15,0.546905532600427,0.546905532600427,0.500727595385981,0.490205131345294,8.13333333333333,0.813333333333333,0.334436338638019,0.333333333333333,0.492380952380952,0.492380952380952,0.65979797979798,0.144963359081006,2343,1620,FALSE
"imvigor210","development","DGE",20,15,0.473063106815878,0.473063106815878,0.455178571428572,0.454870549166718,14.8666666666667,0.743333333333333,0.309300738712161,0.290322580645161,0.45952380952381,0.45952380952381,0.670730837789661,0.113333333333333,2343,1620,FALSE
"imvigor210","development","DGE",50,15,0.460579938005656,0.460579938005656,0.44948498635123,0.437131144476981,37.4666666666667,0.749333333333333,0.293471761798713,0.298701298701299,0.449142857142857,0.449142857142857,0.670802139037433,0.0906753812636167,2343,1620,FALSE
"imvigor210","development","Random forest",10,15,0.278495167699117,0.278495167699117,0.263070097604259,0.300825424040169,6.86666666666667,0.686666666666667,0.183843127894433,0.176470588235294,0.303809523809524,0.303809523809524,0.631491384432561,0.116656763715587,2343,1620,FALSE
"imvigor210","development","Random forest",20,15,0.295990817851805,0.295990817851805,0.305714285714287,0.312224340446468,14.4,0.72,0.191766051215196,0.176470588235294,0.318095238095238,0.318095238095238,0.640499108734403,0.083101604278075,2343,1620,FALSE
"imvigor210","development","Random forest",50,15,0.353133492435933,0.353133492435933,0.362023657870793,0.34935318671734,37.0666666666667,0.741333333333333,0.223222394978034,0.219512195121951,0.363238095238095,0.363238095238095,0.638205585264409,0.0580788274905922,2343,1620,FALSE
"imvigor210","development","Boruta",10,15,0.254648653387375,0.254648653387375,0.246779059449867,0.252045802461576,7.6,0.76,0.151147476534473,0.176470588235294,0.255238095238095,0.255238095238095,0.621532976827095,0.106698356110121,2343,1620,FALSE
"imvigor210","development","Boruta",20,15,0.273888859736581,0.273888859736581,0.28257142857143,0.287729536928849,15.2,0.76,0.175323536782925,0.176470588235294,0.293809523809524,0.293809523809524,0.620855614973262,0.0634581105169341,2343,1620,FALSE
"imvigor210","development","Boruta",50,15,0.340315044429535,0.340315044429535,0.344334849863514,0.332225780325215,37.9333333333333,0.758666666666667,0.211531051845961,0.204819277108434,0.34647619047619,0.34647619047619,0.651158645276292,0.0710318875024757,2343,1620,FALSE
"imvigor210","development","mRMR",10,15,0.273580847427375,0.273580847427375,0.296610470275067,0.264479823648277,7.66666666666667,0.766666666666667,0.162381164791603,0.176470588235294,0.267619047619048,0.267619047619048,0.620867498514557,0.106032877797584,2343,1620,FALSE
"imvigor210","development","mRMR",20,15,0.343154956978618,0.343154956978618,0.396357142857143,0.331916241313573,15.2666666666667,0.763333333333333,0.207491684846813,0.212121212121212,0.337619047619048,0.337619047619048,0.640713012477718,0.0833155080213905,2343,1620,FALSE
"imvigor210","development","mRMR",50,15,0.409086317762152,0.409086317762152,0.438085532302094,0.386527443772975,37.3333333333333,0.746666666666667,0.252212879814887,0.25,0.399619047619048,0.399619047619048,0.637302436125966,0.057175678352149,2343,1620,FALSE
"imvigor210","development","LASSO",10,15,0.310483687145744,0.310483687145744,0.384773735581189,0.297956034535546,8.4,0.84,0.202508276855911,0.176470588235294,0.300952380952381,0.300952380952381,0.583398692810458,0.068564072093484,2343,1620,FALSE
"imvigor210","development","LASSO",20,15,0.501393345769198,0.501393345769198,0.606089285714286,0.47312157923867,17.5333333333333,0.876666666666667,0.350490000987215,0.333333333333333,0.477619047619048,0.477619047619048,0.591455733808675,0.0340582293523472,2343,1620,FALSE
"imvigor210","development","LASSO",50,15,0.743487282076938,0.743487282076938,0.753929026387625,0.720317238801321,47.4666666666667,0.949333333333333,0.57681031951215,0.5625,0.726285714285714,0.726285714285714,0.609744503862151,0.0296177460883343,2343,1620,FALSE
"imvigor210","development","Elastic net",10,15,0.239192810631574,0.239192810631574,0.274569653948536,0.24630702345233,7.53333333333333,0.753333333333333,0.152112216906556,0.176470588235294,0.24952380952381,0.24952380952381,0.566761734997029,0.0519271142800554,2343,1620,FALSE
"imvigor210","development","Elastic net",20,15,0.282559226690224,0.282559226690224,0.315357142857144,0.289650697989055,15.4666666666667,0.773333333333333,0.192364337586967,0.176470588235294,0.295714285714286,0.295714285714286,0.613297682709448,0.0559001782531195,2343,1620,FALSE
"imvigor210","development","Elastic net",50,15,0.359236529814042,0.359236529814042,0.431992720655142,0.343125038938385,41.8666666666667,0.837333333333333,0.239908780657025,0.204819277108434,0.357142857142857,0.357142857142857,0.590730837789661,0.0106040800158447,2343,1620,FALSE
"sosall","development","GeneSelectR",10,15,0.27962171681543,0.27962171681543,0.286877695201395,0.24919281145294,8.2,0.82,0.149367700296493,0.111111111111111,0.252380952380952,0.252380952380952,0.641259259259259,0.116199294532628,2355,1567,FALSE
"sosall","development","GeneSelectR",20,15,0.303847066484485,0.303847066484485,0.31169113799366,0.277194860813706,16.4666666666667,0.823333333333333,0.168024173976436,0.176470588235294,0.283333333333333,0.283333333333333,0.626621693121693,0.0593738977072311,2355,1567,FALSE
"sosall","development","GeneSelectR",50,15,0.330896502849194,0.330896502849194,0.335364158583672,0.31147691354199,41.1333333333333,0.822666666666667,0.196326746741098,0.204819277108434,0.326095238095238,0.326095238095238,0.635396825396826,0.0542363315696649,2355,1567,FALSE
"sosall","development","DGE",10,15,0.510179468799342,0.510179468799342,0.513083157476221,0.483521169661895,9.13333333333333,0.913333333333333,0.332523436725117,0.333333333333333,0.485714285714286,0.485714285714286,0.673007936507936,0.147947971781305,2355,1567,FALSE
"sosall","development","DGE",20,15,0.638570145686554,0.638570145686554,0.637757564564287,0.58408687672071,17.4,0.87,0.422995715531337,0.428571428571429,0.587619047619048,0.587619047619048,0.675412698412698,0.108164902998236,2355,1567,FALSE
"sosall","development","DGE",50,15,0.564207396988781,0.564207396988781,0.556319176319177,0.52574031608305,41,0.82,0.368586596469004,0.351351351351351,0.535809523809524,0.535809523809524,0.645859788359788,0.0646992945326277,2355,1567,FALSE
"sosall","development","Random forest",10,15,0.312313113783288,0.312313113783288,0.329051594947549,0.30562290587877,8.2,0.82,0.188602809544871,0.176470588235294,0.308571428571429,0.308571428571429,0.676002645502645,0.150942680776014,2355,1567,FALSE
"sosall","development","Random forest",20,15,0.384182017765889,0.384182017765889,0.384525502508696,0.36604466197614,16.6,0.83,0.23126505897539,0.212121212121212,0.371428571428571,0.371428571428571,0.664727513227513,0.0974797178130513,2355,1567,FALSE
"sosall","development","Random forest",50,15,0.397894700779975,0.397894700779975,0.405605424239572,0.373362255965294,42.6,0.852,0.240970729064803,0.234567901234568,0.386666666666667,0.386666666666667,0.631685185185185,0.0505246913580246,2355,1567,FALSE
"sosall","development","Boruta",10,15,0.313501122694166,0.313501122694166,0.322342110897024,0.301797136765154,8.46666666666667,0.846666666666667,0.18578624432229,0.176470588235294,0.304761904761905,0.304761904761905,0.649510582010582,0.124450617283951,2355,1567,FALSE
"sosall","development","Boruta",20,15,0.331265792344548,0.331265792344548,0.34883184042848,0.310813704496789,16.8,0.84,0.191370250155258,0.176470588235294,0.316666666666667,0.316666666666667,0.65097619047619,0.0837283950617285,2355,1567,FALSE
"sosall","development","Boruta",50,15,0.376688169064974,0.376688169064974,0.393996923753023,0.353706848466069,41.9333333333333,0.838666666666667,0.226726760416345,0.234567901234568,0.367428571428571,0.367428571428571,0.648492063492063,0.0673315696649028,2355,1567,FALSE
"sosall","development","mRMR",10,15,0.31782980075397,0.31782980075397,0.320425115454017,0.280755406640268,8.26666666666667,0.826666666666667,0.173073790919877,0.176470588235294,0.283809523809524,0.283809523809524,0.641380952380952,0.116320987654321,2355,1567,FALSE
"sosall","development","mRMR",20,15,0.341747139108366,0.341747139108366,0.37053744574753,0.303129397369227,15.6666666666667,0.783333333333333,0.186878839532032,0.176470588235294,0.309047619047619,0.309047619047619,0.617124338624339,0.0498765432098765,2355,1567,FALSE
"sosall","development","mRMR",50,15,0.388753422044412,0.388753422044412,0.405802178485107,0.369470096064458,40.3333333333333,0.806666666666667,0.238891818860785,0.234567901234568,0.382857142857143,0.382857142857143,0.621261904761905,0.0401014109347441,2355,1567,FALSE
"sosall","development","LASSO",10,15,0.241961332784862,0.241961332784862,0.25812276355629,0.2147608894304,8.66666666666667,0.866666666666667,0.134618786785969,0.111111111111111,0.218095238095238,0.218095238095238,0.626608465608466,0.101548500881834,2355,1567,FALSE
"sosall","development","LASSO",20,15,0.31515807740054,0.31515807740054,0.355102348631761,0.284398898745795,17.4666666666667,0.873333333333333,0.199257439951646,0.111111111111111,0.29047619047619,0.29047619047619,0.604386243386243,0.0371384479717813,2355,1567,FALSE
"sosall","development","LASSO",50,15,0.619377837525197,0.619377837525197,0.671420409956996,0.584901146575768,46.6,0.932,0.457983157239524,0.428571428571429,0.593714285714286,0.593714285714286,0.621214285714286,0.0400537918871251,2355,1567,FALSE
"sosall","development","Elastic net",10,15,0.249029574819714,0.249029574819714,0.255247270391779,0.218586658544015,8.13333333333333,0.813333333333333,0.1302160630334,0.111111111111111,0.221904761904762,0.221904761904762,0.579859788359788,0.054799823633157,2355,1567,FALSE
"sosall","development","Elastic net",20,15,0.281500875387782,0.281500875387782,0.284679718041064,0.258464362190273,16.6666666666667,0.833333333333333,0.157528779124965,0.142857142857143,0.264761904761905,0.264761904761905,0.609428571428571,0.0421807760141095,2355,1567,FALSE
"sosall","development","Elastic net",50,15,0.281354029997868,0.281354029997868,0.282240512289293,0.267690114657576,41.8,0.836,0.175644501996646,0.162790697674419,0.283238095238095,0.283238095238095,0.625939153439154,0.0447786596119929,2355,1567,FALSE
"GSE16879","additional","GeneSelectR",10,15,0.367788024019603,0.367788024019603,0.351722448979592,0.33316330777005,8.53333333333333,0.853333333333333,0.208183813336401,0.176470588235294,0.335238095238095,0.335238095238095,0.832380952380952,0.066984126984127,3214,885,FALSE
"GSE16879","additional","GeneSelectR",20,15,0.34772379355151,0.34772379355151,0.393922378199835,0.285554164057609,13.2666666666667,0.663333333333333,0.172921229625371,0.176470588235294,0.29,0.29,0.836507936507937,0.0384126984126984,3214,885,FALSE
"GSE16879","additional","GeneSelectR",50,15,0.396114017751149,0.396114017751149,0.413129170230968,0.315252182288845,28.4,0.568,0.196609113789328,0.19047619047619,0.325904761904762,0.325904761904762,0.835238095238095,-0.0288888888888892,3214,885,FALSE
"GSE16879","additional","DGE",10,15,0.594353816254849,0.594353816254849,0.599281632653061,0.59779620712205,9.13333333333333,0.913333333333333,0.436705964437057,0.428571428571429,0.599047619047619,0.599047619047619,0.885079365079365,0.11968253968254,3214,885,FALSE
"GSE16879","additional","DGE",20,15,0.648864537559106,0.648864537559106,0.668216350123865,0.635349912037451,18.5333333333333,0.926666666666667,0.475582072881004,0.481481481481481,0.637619047619048,0.637619047619048,0.894920634920635,0.0968253968253968,3214,885,FALSE
"GSE16879","additional","DGE",50,15,0.756746600393774,0.756746600393774,0.776112917023097,0.702805129131299,43.1333333333333,0.862666666666667,0.549833017146086,0.538461538461538,0.707428571428571,0.707428571428571,0.872380952380952,0.008253968253968,3214,885,FALSE
"GSE16879","additional","Random forest",10,15,0.425825362069425,0.425825362069425,0.417224489795918,0.405770168242078,7.93333333333333,0.793333333333333,0.263189891341152,0.25,0.407619047619048,0.407619047619048,0.887936507936508,0.122539682539683,3214,885,FALSE
"GSE16879","additional","Random forest",20,15,0.442880150756522,0.442880150756522,0.46018166804294,0.420201568416973,15.7333333333333,0.786666666666667,0.272781972120017,0.290322580645161,0.423809523809524,0.423809523809524,0.884761904761905,0.0866666666666666,3214,885,FALSE
"GSE16879","additional","Random forest",50,15,0.541341896037965,0.541341896037965,0.585334473909325,0.493839985551744,38.4666666666667,0.769333333333333,0.336978030180802,0.333333333333333,0.501714285714286,0.501714285714286,0.854285714285714,-0.00984126984127007,3214,885,FALSE
"GSE16879","additional","Boruta",10,15,0.491237662593161,0.491237662593161,0.48465306122449,0.44398430533262,7.93333333333333,0.793333333333333,0.295237753220946,0.25,0.445714285714286,0.445714285714286,0.876507936507937,0.111111111111111,3214,885,FALSE
"GSE16879","additional","Boruta",20,15,0.549363108963582,0.549363108963582,0.561519405450041,0.498306646390554,15.4,0.77,0.338443253582858,0.333333333333333,0.501428571428571,0.501428571428571,0.882857142857143,0.0847619047619047,3214,885,FALSE
"GSE16879","additional","Boruta",50,15,0.615798312117331,0.615798312117331,0.635603079555176,0.541437601589309,37.4,0.748,0.379868210342444,0.36986301369863,0.548571428571429,0.548571428571429,0.852698412698413,-0.0114285714285715,3214,885,FALSE
"GSE16879","additional","mRMR",10,15,0.498304598509472,0.498304598509472,0.432636734693878,0.388573806551335,6.73333333333333,0.673333333333333,0.249082538998505,0.25,0.39047619047619,0.39047619047619,0.843492063492064,0.0780952380952382,3214,885,FALSE
"GSE16879","additional","mRMR",20,15,0.420699820710922,0.420699820710922,0.451899256812552,0.334908906580792,13.1333333333333,0.656666666666667,0.207563437845451,0.212121212121212,0.339047619047619,0.339047619047619,0.833650793650794,0.0355555555555555,3214,885,FALSE
"GSE16879","additional","mRMR",50,15,0.528831228272542,0.528831228272542,0.580085543199316,0.419347781590514,31.0666666666667,0.621333333333333,0.275350810805085,0.265822784810127,0.428380952380952,0.428380952380952,0.853968253968254,-0.0101587301587303,3214,885,FALSE
"GSE16879","additional","LASSO",10,15,0.296725600652134,0.296725600652134,0.351722448979592,0.209922715653053,5.06666666666667,0.506666666666667,0.1234409553295,0.111111111111111,0.212380952380952,0.212380952380952,0.796825396825397,0.0314285714285715,3214,885,FALSE
"GSE16879","additional","LASSO",20,15,0.357241003271538,0.357241003271538,0.617547481420314,0.263991412469811,11.6666666666667,0.583333333333333,0.165769718231608,0.111111111111111,0.268571428571429,0.268571428571429,0.818412698412698,0.0203174603174603,3214,885,FALSE
"GSE16879","additional","LASSO",50,15,0.737917555081734,0.737917555081734,0.790042771599658,0.631215218830896,40.8,0.816,0.473927464986915,0.449275362318841,0.636952380952381,0.636952380952381,0.833968253968254,-0.0301587301587304,3214,885,FALSE
"GSE16879","additional","Elastic net",10,15,0.472025274945645,0.472025274945645,0.38254693877551,0.294949170679508,4.73333333333333,0.473333333333333,0.181031710929986,0.176470588235294,0.297142857142857,0.297142857142857,0.80984126984127,0.0444444444444444,3214,885,FALSE
"GSE16879","additional","Elastic net",20,15,0.389389545244786,0.389389545244786,0.331073492981008,0.286512508572622,9.66666666666667,0.483333333333333,0.173201705448356,0.176470588235294,0.290952380952381,0.290952380952381,0.850793650793651,0.0526984126984128,3214,885,FALSE
"GSE16879","additional","Elastic net",50,15,0.325816159149493,0.325816159149493,0.396574850299403,0.284681355728132,27,0.54,0.175880679238933,0.176470588235294,0.295809523809524,0.295809523809524,0.85015873015873,-0.0139682539682541,3214,885,FALSE
"GSE91061","additional","GeneSelectR",10,15,0.201405106057757,0.201405106057757,0.170960648148149,0.218982887184164,5.06666666666667,0.506666666666667,0.128302315078078,0.111111111111111,0.221904761904762,0.221904761904762,0.492857142857143,0.0281746031746031,2673,1162,FALSE
"GSE91061","additional","GeneSelectR",20,15,0.16001369033515,0.16001369033515,0.241225919439581,0.166621614344948,11,0.55,0.0973979065531476,0.0810810810810811,0.172857142857143,0.172857142857143,0.402380952380952,-0.0450396825396825,2673,1162,FALSE
"GSE91061","additional","GeneSelectR",50,15,0.330071755338679,0.330071755338679,0.406062350119905,0.284715429442841,33.7333333333333,0.674666666666667,0.184558803106753,0.19047619047619,0.298095238095238,0.298095238095238,0.404166666666667,-0.0309523809523811,2673,1162,FALSE
"GSE91061","additional","DGE",10,15,0.411118288864022,0.411118288864022,0.410162037037037,0.278252239686713,5.93333333333333,0.593333333333333,0.171172094568822,0.176470588235294,0.280952380952381,0.280952380952381,0.408333333333333,-0.0563492063492065,2673,1162,FALSE
"GSE91061","additional","DGE",20,15,0.376288185449674,0.376288185449674,0.344430823117339,0.281289106671694,10.8666666666667,0.543333333333333,0.171042923755088,0.142857142857143,0.286666666666667,0.286666666666667,0.351190476190476,-0.0962301587301587,2673,1162,FALSE
"GSE91061","additional","DGE",50,15,0.327593993542005,0.327593993542005,0.368841726618707,0.287238821414955,26.8666666666667,0.537333333333333,0.180967398518557,0.162790697674419,0.300571428571429,0.300571428571429,0.361904761904762,-0.0732142857142858,2673,1162,FALSE
"GSE91061","additional","Random forest",10,15,0.158282915586286,0.158282915586286,0.193055555555556,0.16831715036747,5,0.5,0.0986715153897816,0.0526315789473684,0.171428571428571,0.171428571428571,0.493452380952381,0.0287698412698411,2673,1162,FALSE
"GSE91061","additional","Random forest",20,15,0.192203654175374,0.192203654175374,0.226205487448921,0.190130849173444,10.1333333333333,0.506666666666667,0.112445062468603,0.111111111111111,0.196190476190476,0.196190476190476,0.435119047619048,-0.0123015873015873,2673,1162,FALSE
"GSE91061","additional","Random forest",50,15,0.232636120820644,0.232636120820644,0.25558752997602,0.221824737214748,27.6,0.552,0.136046214224098,0.136363636363636,0.236380952380952,0.236380952380952,0.458333333333333,0.0232142857142856,2673,1162,FALSE
"GSE91061","additional","Boruta",10,15,0.185125974574643,0.185125974574643,0.218032407407408,0.180744595247036,4.8,0.48,0.107461185103821,0.111111111111111,0.183809523809524,0.183809523809524,0.470833333333333,0.0061507936507936,2673,1162,FALSE
"GSE91061","additional","Boruta",20,15,0.213450501460062,0.213450501460062,0.246555750145944,0.217958106725541,10.2,0.51,0.130825617039942,0.111111111111111,0.223809523809524,0.223809523809524,0.426190476190476,-0.0212301587301588,2673,1162,FALSE
"GSE91061","additional","Boruta",50,15,0.23320325784748,0.23320325784748,0.217371702637889,0.235024018299655,26.8,0.536,0.146169771145681,0.136363636363636,0.249333333333333,0.249333333333333,0.464285714285714,0.0291666666666666,2673,1162,FALSE
"GSE91061","additional","mRMR",10,15,0.155090921172118,0.155090921172118,0.203622685185185,0.202731613110885,4.33333333333333,0.433333333333333,0.118717077474265,0.111111111111111,0.205714285714286,0.205714285714286,0.349404761904762,-0.115277777777778,2673,1162,FALSE
"GSE91061","additional","mRMR",20,15,0.193834348340218,0.193834348340218,0.237349678925862,0.204044477949492,9.73333333333333,0.486666666666667,0.120752808369621,0.111111111111111,0.21,0.21,0.3375,-0.109920634920635,2673,1162,FALSE
"GSE91061","additional","mRMR",50,15,0.252865878774438,0.252865878774438,0.291812949640289,0.256569903600021,24.6666666666667,0.493333333333333,0.159496073261005,0.149425287356322,0.27047619047619,0.27047619047619,0.32202380952381,-0.113095238095238,2673,1162,FALSE
"GSE91061","additional","LASSO",10,15,0.657887950200089,0.657887950200089,0.736782407407407,0.583202617885306,8.66666666666667,0.866666666666667,0.452539234317209,0.428571428571429,0.584761904761905,0.584761904761905,0.442857142857143,-0.021825396825397,2673,1162,FALSE
"GSE91061","additional","LASSO",20,15,0.779392172998225,0.779392172998225,0.799404553415061,0.721247644176404,17.8,0.89,0.585884956487443,0.6,0.723333333333333,0.723333333333333,0.382142857142857,-0.0652777777777778,2673,1162,FALSE
"GSE91061","additional","LASSO",50,15,0.775400070835739,0.775400070835739,0.780856115107914,0.741061162246065,43.8,0.876,0.600069430070469,0.612903225806452,0.745904761904762,0.745904761904762,0.469047619047619,0.0339285714285713,2673,1162,FALSE
"GSE91061","additional","Elastic net",10,15,0.642387727879057,0.642387727879057,0.689710648148148,0.568863258408883,8.66666666666667,0.866666666666667,0.467307240239571,0.538461538461538,0.57047619047619,0.57047619047619,0.493452380952381,0.0287698412698411,2673,1162,FALSE
"GSE91061","additional","Elastic net",20,15,0.721550568072679,0.721550568072679,0.779054290718038,0.662234666953853,17.4666666666667,0.873333333333333,0.547011753092259,0.6,0.664761904761905,0.664761904761905,0.457142857142857,0.0097222222222222,2673,1162,FALSE
"GSE91061","additional","Elastic net",50,15,0.761493906074151,0.761493906074151,0.778268585131895,0.726697238712489,43.7333333333333,0.874666666666667,0.585395959499814,0.587301587301587,0.731809523809524,0.731809523809524,0.473809523809524,0.038690476190476,2673,1162,FALSE
"GSE92415","additional","GeneSelectR",10,15,0.181797500426244,0.181797500426244,0.171136600625652,0.201575854700855,7.46666666666667,0.746666666666667,0.119284672933501,0.111111111111111,0.204761904761905,0.204761904761905,0.578412698412698,0.0326984126984127,2506,1380,FALSE
"GSE92415","additional","GeneSelectR",20,15,0.201865001747804,0.201865001747804,0.200798319327732,0.216604987932423,14.8,0.74,0.127838030161438,0.111111111111111,0.222857142857143,0.222857142857143,0.547301587301587,0.00603174603174593,2506,1380,FALSE
"GSE92415","additional","GeneSelectR",50,15,0.195516942204703,0.195516942204703,0.206685284640172,0.200816503800216,38.7333333333333,0.774666666666667,0.122717808451284,0.123595505617978,0.216761904761905,0.216761904761905,0.495873015873016,-0.0550264550264551,2506,1380,FALSE
"GSE92415","additional","DGE",10,15,0.256370408411971,0.256370408411971,0.276663190823775,0.257035256410257,7.53333333333333,0.753333333333333,0.158552849839891,0.111111111111111,0.26,0.26,0.592380952380952,0.0466666666666667,2506,1380,FALSE
"GSE92415","additional","DGE",20,15,0.344830678855871,0.344830678855871,0.335126050420169,0.333250201126308,15.7333333333333,0.786666666666667,0.208238840710765,0.212121212121212,0.338571428571429,0.338571428571429,0.599365079365079,0.0580952380952381,2506,1380,FALSE
"GSE92415","additional","DGE",50,15,0.387014072430946,0.387014072430946,0.419935553168637,0.372236699239958,40.1333333333333,0.802666666666667,0.24251254843772,0.25,0.384761904761905,0.384761904761905,0.577777777777778,0.0268783068783068,2506,1380,FALSE
"GSE92415","additional","Random forest",10,15,0.242359933221324,0.242359933221324,0.233493222106361,0.211137820512821,7.8,0.78,0.125270693072551,0.111111111111111,0.214285714285714,0.214285714285714,0.553650793650794,0.00793650793650786,2506,1380,FALSE
"GSE92415","additional","Random forest",20,15,0.257038859577923,0.257038859577923,0.240903361344539,0.237245910431752,14.6666666666667,0.733333333333333,0.142067904299147,0.142857142857143,0.243333333333333,0.243333333333333,0.584444444444444,0.0431746031746032,2506,1380,FALSE
"GSE92415","additional","Random forest",50,15,0.24245830747839,0.24245830747839,0.259059076262084,0.231330076004342,36.5333333333333,0.730666666666667,0.142583711688503,0.136363636363636,0.246666666666667,0.246666666666667,0.538730158730159,-0.0121693121693123,2506,1380,FALSE
"GSE92415","additional","Boruta",10,15,0.205521680379573,0.205521680379573,0.234452554744526,0.176714743589744,7.8,0.78,0.103733189182106,0.111111111111111,0.18,0.18,0.568253968253968,0.0225396825396826,2506,1380,FALSE
"GSE92415","additional","Boruta",20,15,0.273190668973756,0.273190668973756,0.281491596638657,0.241566103513007,15.7333333333333,0.786666666666667,0.145209120178802,0.142857142857143,0.247619047619048,0.247619047619048,0.598412698412699,0.0571428571428572,2506,1380,FALSE
"GSE92415","additional","Boruta",50,15,0.280498574158495,0.280498574158495,0.271905477980666,0.250571118349619,37.9333333333333,0.758666666666667,0.154928367943579,0.149425287356322,0.26552380952381,0.26552380952381,0.532698412698413,-0.0182010582010582,2506,1380,FALSE
"GSE92415","additional","mRMR",10,15,0.273824107529681,0.273824107529681,0.292012513034411,0.317275641025641,6.93333333333333,0.693333333333333,0.198317689648959,0.176470588235294,0.32,0.32,0.562857142857143,0.0171428571428572,2506,1380,FALSE
"GSE92415","additional","mRMR",20,15,0.309823363118404,0.309823363118404,0.295021008403362,0.300128720836687,14.0666666666667,0.703333333333333,0.183482705645323,0.176470588235294,0.305714285714286,0.305714285714286,0.500634920634921,-0.0406349206349205,2506,1380,FALSE
"GSE92415","additional","mRMR",50,15,0.320141161792141,0.320141161792141,0.35194844253491,0.319566775244301,34.6,0.692,0.201842779834878,0.19047619047619,0.333142857142857,0.333142857142857,0.488571428571429,-0.0623280423280424,2506,1380,FALSE
"GSE92415","additional","LASSO",10,15,0.653780870324783,0.653780870324783,0.721793534932221,0.615608974358974,9.33333333333333,0.933333333333333,0.532903217312771,0.428571428571429,0.617142857142857,0.617142857142857,0.444761904761905,-0.100952380952381,2506,1380,FALSE
"GSE92415","additional","LASSO",20,15,0.784168390362109,0.784168390362109,0.802857142857143,0.761429337624028,19.3333333333333,0.966666666666667,0.633238666227886,0.666666666666667,0.763333333333333,0.763333333333333,0.466031746031746,-0.0752380952380953,2506,1380,FALSE
"GSE92415","additional","LASSO",50,15,0.849644269233448,0.849644269233448,0.85137701396348,0.841407166123779,49.3333333333333,0.986666666666667,0.734910628000806,0.724137931034483,0.844571428571429,0.844571428571429,0.542222222222222,-0.00867724867724881,2506,1380,FALSE
"GSE92415","additional","Elastic net",10,15,0.255387695059205,0.255387695059205,0.332304483837331,0.252254273504274,8.06666666666667,0.806666666666667,0.181743511619673,0.111111111111111,0.255238095238095,0.255238095238095,0.51015873015873,-0.0355555555555557,2506,1380,FALSE
"GSE92415","additional","Elastic net",20,15,0.492485878775002,0.492485878775002,0.536134453781513,0.459975864843122,17.4666666666667,0.873333333333333,0.336536137246265,0.333333333333333,0.464285714285714,0.464285714285714,0.512380952380952,-0.0288888888888889,2506,1380,FALSE
"GSE92415","additional","Elastic net",50,15,0.717571386396635,0.717571386396635,0.763033297529538,0.690977198697069,47.1333333333333,0.942666666666667,0.552891169064929,0.587301587301587,0.697142857142857,0.697142857142857,0.569523809523809,0.0186243386243385,2506,1380,FALSE
"GSE206285","additional","GeneSelectR",10,15,0.290787568728243,0.290787568728243,0.299844885562426,0.280534761687026,9.6,0.96,0.174019270326214,0.176470588235294,0.283809523809524,0.283809523809524,0.701881246325691,0.0220968058005095,2197,1766,FALSE
"GSE206285","additional","GeneSelectR",20,15,0.330345769956687,0.330345769956687,0.331476572301315,0.317116827438372,18.9333333333333,0.946666666666667,0.19590638038941,0.176470588235294,0.323333333333333,0.323333333333333,0.703503821281599,0.0107387811091516,2197,1766,FALSE
"GSE206285","additional","GeneSelectR",50,15,0.355585403435151,0.355585403435151,0.352917526917529,0.342756537361104,46.1333333333333,0.922666666666667,0.220037789082006,0.219512195121951,0.357714285714286,0.357714285714286,0.714238683127572,0.007599451303155,2197,1766,FALSE
"GSE206285","additional","DGE",10,15,0.455321690029247,0.455321690029247,0.458840438225404,0.440309621791103,8.73333333333333,0.873333333333333,0.293670459636846,0.25,0.442857142857143,0.442857142857143,0.6645620223398,-0.0152224181853812,2197,1766,FALSE
"GSE206285","additional","DGE",20,15,0.518161715826769,0.518161715826769,0.543400425462281,0.514148566178883,18.1333333333333,0.906666666666667,0.355044554203439,0.333333333333333,0.518571428571429,0.518571428571429,0.673145208700764,-0.0196198314716834,2197,1766,FALSE
"GSE206285","additional","DGE",50,15,0.59398004506413,0.59398004506413,0.597754245754247,0.58620169893761,46.8666666666667,0.937333333333333,0.42844178524293,0.428571428571429,0.595619047619048,0.595619047619048,0.717201646090535,0.0105624142661181,2197,1766,FALSE
"GSE206285","additional","Random forest",10,15,0.288074197420904,0.288074197420904,0.296013667425968,0.278621290308533,9.33333333333333,0.933333333333333,0.170126179126621,0.176470588235294,0.281904761904762,0.281904761904762,0.675567313345091,-0.0042171271800902,2197,1766,FALSE
"GSE206285","additional","Random forest",20,15,0.307595276814787,0.307595276814787,0.317990508918345,0.29645252313144,18.8666666666667,0.943333333333333,0.181419011541995,0.176470588235294,0.302857142857143,0.302857142857143,0.683068783068783,-0.00969625710366444,2197,1766,FALSE
"GSE206285","additional","Random forest",50,15,0.338203167606757,0.338203167606757,0.338607614607616,0.32794322088407,46.1333333333333,0.922666666666667,0.208961690647354,0.204819277108434,0.343238095238095,0.343238095238095,0.68777189888301,-0.0188673329414068,2197,1766,FALSE
"GSE206285","additional","Boruta",10,15,0.244440760243868,0.244440760243868,0.255785876993166,0.23174124153548,9.46666666666667,0.946666666666667,0.138275427129916,0.111111111111111,0.235238095238095,0.235238095238095,0.685020576131687,0.00523613560650587,2197,1766,FALSE
"GSE206285","additional","Boruta",20,15,0.264244744971394,0.264244744971394,0.263564610265642,0.252240523218935,18.9333333333333,0.946666666666667,0.151961979254356,0.142857142857143,0.259047619047619,0.259047619047619,0.692369194591417,-0.000395845581030547,2197,1766,FALSE
"GSE206285","additional","Boruta",50,15,0.319375465922858,0.319375465922858,0.328806304806306,0.310206223523411,47.0666666666667,0.941333333333333,0.19603043865079,0.19047619047619,0.325904761904762,0.325904761904762,0.693556731334509,-0.0130825004899078,2197,1766,FALSE
"GSE206285","additional","mRMR",10,15,0.293420514241968,0.293420514241968,0.318043171710598,0.273837611862303,9.2,0.92,0.167568430881124,0.176470588235294,0.277142857142857,0.277142857142857,0.69917695473251,0.0193925142073289,2197,1766,FALSE
"GSE206285","additional","mRMR",20,15,0.448345501434747,0.448345501434747,0.460075819560356,0.421399479405911,18,0.9,0.274365356753818,0.25,0.426666666666667,0.426666666666667,0.711992945326279,0.0192279051538311,2197,1766,FALSE
"GSE206285","additional","mRMR",50,15,0.551566064679564,0.551566064679564,0.566586080586081,0.521685807438952,44.5333333333333,0.890666666666667,0.364822398213619,0.351351351351351,0.532571428571429,0.532571428571429,0.723033509700177,0.0163942778757597,2197,1766,FALSE
"GSE206285","additional","LASSO",10,15,0.339951765067014,0.339951765067014,0.334325848790541,0.322631132013848,9.4,0.94,0.202183311471237,0.176470588235294,0.325714285714286,0.325714285714286,0.692980599647266,0.0131961591220848,2197,1766,FALSE
"GSE206285","additional","LASSO",20,15,0.466595260836977,0.466595260836977,0.489937817051219,0.450713957608768,19.1333333333333,0.956666666666667,0.31310337085342,0.290322580645161,0.455714285714286,0.455714285714286,0.689864785420341,-0.00290025475210654,2197,1766,FALSE
"GSE206285","additional","LASSO",50,15,0.744988863329518,0.744988863329518,0.748106338106338,0.734529775766851,49.1333333333333,0.982666666666667,0.596904694357401,0.639344262295082,0.740571428571429,0.740571428571429,0.709065255731922,0.00242602390750555,2197,1766,FALSE
"GSE206285","additional","Elastic net",10,15,0.333210703636293,0.333210703636293,0.322832194381169,0.314020510810635,9.33333333333333,0.933333333333333,0.19489814819315,0.176470588235294,0.317142857142857,0.317142857142857,0.68538506760729,0.00560062708210845,2197,1766,FALSE
"GSE206285","additional","Elastic net",20,15,0.309958188173465,0.309958188173465,0.314137347951781,0.298855349213641,18.4666666666667,0.923333333333333,0.186216218333751,0.176470588235294,0.305238095238095,0.305238095238095,0.686349206349206,-0.00641583382324128,2197,1766,FALSE
"GSE206285","additional","Elastic net",50,15,0.422165729517816,0.422165729517816,0.428779664779666,0.411755406214653,47.6666666666667,0.953333333333333,0.297147913121173,0.25,0.425142857142857,0.425142857142857,0.693592004703116,-0.013047227121301,2197,1766,FALSE
