dataset,k,GO_enrichment,hallmark_enrichment,string_enrichment,ot_0.05_enrichment,ot_0.10_enrichment
GSE101794,10,1.69163895464088,0.0,1.79533213644524,0.378442972895239,0.0
GSE101794,20,1.46114847042913,0.0,2.93398533007335,0.770931320316159,0.555718679838012
GSE101794,50,1.22597553393528,0.142095914742451,1.96716350155103,0.683693127288846,0.584170935013294
GSE101794,100,1.19923902378159,0.470092397471227,1.82681768359518,0.692416176715178,0.604353001245442
GSE101794,200,1.22558682651291,0.651363641846495,1.62011000237341,0.716291245487985,0.600202493695605
GSE101794,500,1.15901668683594,0.815649087339084,1.87098712684142,0.84973947339874,0.741901775742967
GSE107994,10,1.60672411638336,32.7868852459016,40.2684563758389,9.3384892325992,0.0
GSE107994,20,1.41632276661188,32.258064516129,23.2342007434944,7.14742114146153,0.0
GSE107994,50,1.2114212443947,14.0105078809107,9.76852834996815,4.11896174237305,1.24329970856103
GSE107994,100,1.08735024597033,5.64413715253281,4.84433995868063,3.6230136577632,2.28229250078901
GSE107994,200,1.07938207984326,3.6274405206444,2.49133870528242,3.00936305021825,2.72553692532149
GSE107994,500,1.06690318554694,1.46963960173889,1.48182143468318,1.68835240667385,1.51147947533914
GSE13355,10,1.77549078088505,3.7037037037037,16.0320641282565,3.71606919999704,2.93922747923341
GSE13355,20,1.424113426529,2.63273365511189,9.39261114589856,3.05630909650146,2.06977938623185
GSE13355,50,1.26160512987553,2.27492072245967,5.19685039370079,2.81187866795822,2.35640946519503
GSE13355,100,1.22140241986688,2.78240586471176,3.90784485272674,2.34180010620569,2.10717802947642
GSE13355,200,1.12033641166368,2.54439912544271,3.48062501867288,2.16924120231164,2.07456940117966
GSE13355,500,1.07627539180137,1.75326690223239,2.28359599807482,1.44028541217964,1.34388403259265
GSE65682,10,0.900993549239043,1.43472022955524,3.89863547758285,1.5610018735329,1.87255294659618
GSE65682,20,0.960672819498599,1.61759948236817,3.36376741950985,1.15087776246074,0.974813203154517
GSE65682,50,1.01707732975568,1.44341801385681,2.30464530068419,1.12190912413826,0.736987811767388
GSE65682,100,1.06533789780052,1.26800443186015,2.03279317288331,1.16141493616901,0.923648138378855
GSE65682,200,1.11259687041523,1.13910199298002,1.69196062346185,1.21960708588196,1.08821447041206
GSE65682,500,1.16646877820549,1.11846428705884,1.36856246620145,1.10094864299856,0.977276655870022
GSE69683,10,1.37358461019897,0.0,9.25925925925925,0.466633935038432,0.0
GSE69683,20,1.41785241614908,1.11731843575419,6.22222222222222,0.687038791590226,0.0
GSE69683,50,1.30184408563133,1.50347679007705,4.23728813559322,0.977178826015338,0.819630180656806
GSE69683,100,1.35440139512414,1.4219062430571,3.0713564456412,1.04455956778761,0.834519221818808
GSE69683,200,1.31181255824078,1.52519822168378,2.20526943327741,0.951131172031027,0.856799186540006
GSE69683,500,1.32814437566033,1.42364862891686,1.87365098942557,0.965889325399199,0.853969959532499
imvigor210,10,1.15753088071963,0.0,0.0,0.284882377914182,0.0
imvigor210,20,1.06627760071259,1.11607142857143,1.15540150202195,0.737835561499246,0.854900620712763
imvigor210,50,1.00182919962133,0.886210563629918,1.06961404759783,0.685269873284202,0.549161395295598
imvigor210,100,0.96120940915758,0.893854748603352,1.0140388038849,0.69961993857027,0.653142910757828
imvigor210,200,0.960297594440632,0.869534972696602,0.985096810245007,1.01797503878385,1.00112940377135
imvigor210,500,0.947857085617499,0.84619006980617,0.965310275122334,0.996493915575334,0.987632255005566
sosall,10,1.01577805312773,0.0,0.0,0.0,0.0
sosall,20,1.14203264979553,0.0,0.852514919011083,0.0,0.0
sosall,50,1.14703105885773,0.331455087835598,0.814048145133155,0.261976569881,0.0
sosall,100,1.08294229432557,0.452805334870127,0.964027984355203,0.694577297526243,0.583104694476453
sosall,200,1.01274940685051,0.578762463700424,0.969670850616818,0.746842309889574,0.560109758023566
sosall,500,0.937770059945253,0.59596992932829,0.880266559937927,0.857191684005461,0.810481507175108
