"dataset","method","Nogueira"
"GSE101794","GS_full_ungrouped",0.605050022813239
"GSE107994","GS_full_ungrouped",0.61595109640139
"GSE13355","GS_full_ungrouped",0.448936324184618
"GSE65682","GS_full_ungrouped",0.332265038406858
"GSE69683","GS_full_ungrouped",0.525744578545036
"imvigor210","GS_full_ungrouped",0.320290083959972
"sosall","GS_full_ungrouped",0.30478842871637
"GSE101794","Stabl",0.607183830970942
"GSE107994","Stabl",0.628475690549701
"GSE13355","Stabl",0.655728260886632
"GSE65682","Stabl",0.478774869594598
"GSE69683","Stabl",0.468152457528438
"imvigor210","Stabl",0.307296261196741
"sosall","Stabl",0.339924621800409
