"dataset","repeat_idx","fold_idx","method","k","GO_observed","GO_expected","GO_enrichment","GO_annotated","hallmark_edges","hallmark_expected","hallmark_enrichment","hallmark_annotated","string_edges","string_expected","string_enrichment","string_mapped","string_reference","ot_0.05_observed","ot_0.05_expected","ot_0.05_enrichment","ot_0.05_annotated","ot_0.10_observed","ot_0.10_expected","ot_0.10_enrichment","ot_0.10_annotated","pool_size","n_null","null_seed"
"imvigor210",1,1,"Stabl",10,1.27250991407206,0.990681279403588,1.2844796207698,8,0,0.188,0,1,0,0.712,0,9,"saved matched null",0.0501423783927394,0.176010811057763,0.284882377914182,1,0,0.136481733806314,0,0,2000,1000,950101
"imvigor210",1,1,"Stabl",20,1.05457081664105,0.999053555151361,1.05556985529297,16,0,0.793,0,3,4,3.52,1.13636363636364,18,"saved matched null",0.0501423783927394,0.379482285540748,0.132133647085235,1,0,0.301440541428128,0,0,2000,1000,950102
"imvigor210",1,1,"Stabl",50,0.995786372500632,0.979336126738874,1.01679734394823,41,2,5.329,0.375304935259899,7,22,22.198,0.991080277502478,45,"saved matched null",0.577765101700371,0.923110415497495,0.625889484075417,4,0.379195347223426,0.72565815037281,0.522553694227251,1,2000,1000,950103
"imvigor210",1,1,"Stabl",100,0.968752378711802,0.988601876001065,0.979921647155319,82,26,21.724,1.19683299576505,25,94,86.688,1.0843484680694,88,"recomputed matched null",1.25162088022317,1.86562018843605,0.670887294199149,11,0.611378757875552,1.47587807122356,0.414247470570991,2,2000,1000,950104
"imvigor210",1,1,"Stabl",200,0.971492905362732,0.985316337237574,0.985970564627399,166,95,87.196,1.08949951832653,43,344,351.854,0.977678241543367,179,"recomputed matched null",3.74415952337414,3.72212202143448,1.00592068229165,22,2.65800796769388,2.93663786732325,0.905119421522906,7,2000,1000,950105
"imvigor210",1,1,"Stabl",500,0.992876114886583,0.987003155506719,1.00595029443128,417,529,557.027,0.949684665195762,106,1998,2271.458,0.879611245288269,453,"recomputed matched null",11.7270319588255,9.26504040049875,1.26572917676584,58,9.80207114316222,7.31247565617067,1.34045863590543,31,2000,1000,950106
"imvigor210",1,2,"Stabl",10,1.40225866022782,0.983862249968434,1.42525913589307,9,0,0.211,0,1,0,0.792,0,9,"saved matched null",0,0.180811554751288,0,0,0,0.141039430053883,0,0,2000,1000,950201
"imvigor210",1,2,"Stabl",20,1.08018681587744,0.998274036955134,1.08205440178746,15,1,0.842,1.18764845605701,3,2,2.646,0.755857898715042,16,"recomputed matched null",0,0.369703215561458,0,0,0,0.290034884816375,0,0,2000,1000,950202
"imvigor210",1,2,"Stabl",50,1.12434474229939,0.994582235717587,1.13046935881394,40,4,5.425,0.737327188940092,8,24,18.494,1.29771817886882,41,"recomputed matched null",0.533988804239367,0.897070005889521,0.595258787757452,5,0.230987409177939,0.697274185749359,0.331271992996122,1,2000,1000,950203
"imvigor210",1,2,"Stabl",100,0.896131906543786,0.997230617726215,0.898620530311289,77,13,22.4,0.580357142857143,20,70,84.238,0.830978893136115,88,"recomputed matched null",0.880833972786562,1.83047299440082,0.481205664044714,7,0.483564441533709,1.43104473100607,0.337910081394694,2,2000,1000,950204
"imvigor210",1,2,"Stabl",200,0.843092916693254,0.997861934238889,0.844899367101638,163,61,88.452,0.689639578528467,40,292,359.722,0.811737953197191,180,"saved matched null",4.14905638532451,3.71138750499499,1.11792594541542,21,3.35942098277523,2.91793113065547,1.15130235511096,10,2000,1000,950205
"imvigor210",1,2,"Stabl",500,0.869095825024552,0.992773751867325,0.875421840464511,395,394,557.383,0.7068748060131,101,2118,2179.916,0.971597070712816,444,"recomputed matched null",11.799258910397,9.29273374881024,1.26972957897429,57,9.71673896066942,7.29452437946856,1.3320592892963,28,2000,1000,950206
"imvigor210",1,3,"Stabl",10,1.0435662386797,0.986373470638108,1.05798287336803,9,3,0.22,13.6363636363636,3,4,1.042,3.83877159309021,10,"saved matched null",0.25257703235577,0.174226423507522,1.44970566043253,1,0.25257703235577,0.137645401328991,1.83498344236054,1,2000,1000,950301
"imvigor210",1,3,"Stabl",20,1.37594961787224,0.986482986182823,1.39480319188925,17,3,0.841,3.56718192627824,3,4,3.462,1.15540150202195,18,"saved matched null",0.25257703235577,0.342321576155188,0.737835561499246,1,0.25257703235577,0.266387936824435,0.948154917849125,1,2000,1000,950302
"imvigor210",1,3,"Stabl",50,0.976159883021034,0.983772493438337,0.992261818186544,40,8,5.058,1.58165282720443,11,12,19.38,0.619195046439628,42,"recomputed matched null",0.470096509182445,0.888864478057944,0.528873096840979,4,0.25257703235577,0.703030678481933,0.359268862777317,1,2000,1000,950303
"imvigor210",1,3,"Stabl",100,1.0989819939115,0.979941111199829,1.12147758814397,80,35,21.081,1.66026279588255,24,86,80.42,1.06938572494404,86,"saved matched null",1.20498117500766,1.7337220175051,0.695025593977101,9,0.631772379579196,1.35269881233782,0.467045859593331,2,2000,1000,950304
"imvigor210",1,3,"Stabl",200,1.00197998425118,0.985521566576183,1.01670021056178,161,118,86.666,1.36154893499181,47,310,334.652,0.926335417089992,174,"recomputed matched null",2.79763303799855,3.4639884885671,0.807633468538404,19,1.99231646350246,2.70105829871361,0.737605872650476,8,2000,1000,950305
"imvigor210",1,3,"Stabl",500,0.934759432521544,0.986181827097465,0.947857085617499,406,492,539.916,0.911252861556242,112,2178,2211.036,0.985058587919871,448,"saved matched null",7.87002650832182,8.70070317026448,0.904527640388701,46,6.0038706899017,6.81222849377889,0.881337244542605,19,2000,1000,950306
"imvigor210",1,4,"Stabl",10,1.00992098713534,0.978285408286262,1.03233778055066,7,0,0.192,0,1,0,0.762,0,9,"saved matched null",0.410506702199149,0.174127681693858,2.3575039775748,1,0.410506702199149,0.135199422889598,3.03630513670434,1,2000,1000,950401
"imvigor210",1,4,"Stabl",20,0.794482425546222,0.988889375496334,0.803408799035244,15,0,0.838,0,1,0,3.766,0,19,"saved matched null",0.50119598078601,0.364984924289527,1.37319639095129,2,0.410506702199149,0.288150522087911,1.42462591851182,1,2000,1000,950402
"imvigor210",1,4,"Stabl",50,0.874437625767573,0.989041512525889,0.884126312892943,37,0,5.306,0,4,6,20.898,0.287108814240597,44,"recomputed matched null",0.974615661082232,0.919983239212346,1.059384149125,6,0.641494111377088,0.725562861086739,0.884133058321461,2,2000,1000,950403
"imvigor210",1,4,"Stabl",100,0.94726111801492,0.985488811272785,0.96120940915758,77,19,22.199,0.855894409658093,19,72,81.836,0.87980839728237,86,"recomputed matched null",1.92897977586142,1.88946790687156,1.02091163805755,10,1.49203118518693,1.49512176831298,0.99793288868402,4,2000,1000,950404
"imvigor210",1,4,"Stabl",200,0.925576058421493,0.985559280198083,0.93913788548109,157,59,88.72,0.665013525698828,37,276,317.832,0.868383296836064,171,"recomputed matched null",2.69740972070223,3.72810969138556,0.723532820650385,18,1.72421459583906,2.97106853202269,0.580334844940524,5,2000,1000,950405
"imvigor210",1,4,"Stabl",500,0.946467191585557,0.982736568025052,0.963093490545098,399,469,554.249,0.84619006980617,101,1988,2119.032,0.938164218378958,440,"recomputed matched null",9.29578292562724,9.32848939700775,0.996493915575334,51,7.2920447642943,7.39913675882557,0.985526420443097,23,2000,1000,950406
"imvigor210",1,5,"Stabl",10,0.633781599234029,0.988175007392912,0.641365744420238,9,0,0.183,0,1,2,0.849999999999999,2.35294117647059,9,"saved matched null",0.0501423783927394,0.171744524498331,0.29195910925956,1,0,0.132060889658756,0,0,2000,1000,950501
"imvigor210",1,5,"Stabl",20,0.926733214217697,0.995783509566439,0.930657321912464,17,1,0.731,1.36798905608755,4,2,3.606,0.554631170271769,18,"saved matched null",0.10939947920652,0.359720071052122,0.304123923045341,2,0,0.281296640900379,0,0,2000,1000,950502
"imvigor210",1,5,"Stabl",50,0.830356400560452,0.97920091778572,0.847993895306131,40,5,5.458,0.916086478563576,11,26,22.44,1.15864527629234,45,"saved matched null",0.676263326763758,0.885916356867105,0.763348956729109,5,0.410506702199149,0.687015708102773,0.597521566621502,1,2000,1000,950503
"imvigor210",1,5,"Stabl",100,0.984787517067626,0.99136629487961,0.993363928301816,82,23,20.848,1.10322333077513,25,148,88.76,1.66741775574583,89,"saved matched null",1.21611268044767,1.73824760188066,0.69961993857027,9,0.75965051906503,1.34374726927543,0.565322465343238,2,2000,1000,950504
"imvigor210",1,5,"Stabl",200,0.94681200352868,0.983640629222611,0.962558860828027,161,94,84.991,1.10599945876622,48,354,349.878,1.0117812494641,177,"recomputed matched null",3.68732797907151,3.48681755085868,1.05750528247842,23,2.71538216270055,2.71231885955146,1.00112940377135,9,2000,1000,950505
"imvigor210",1,5,"Stabl",500,0.927303519751244,0.986686929391163,0.939815347836257,406,439,539.27,0.814063456153689,104,2092,2291.366,0.912992511890287,452,"recomputed matched null",7.89106350975034,8.7326072360754,0.903632019215459,47,5.94290236873561,6.80186323778402,0.873716827430913,20,2000,1000,950506
"imvigor210",2,1,"Stabl",10,1.27851225199232,0.98305966104661,1.30054390659379,8,0,0.202,0,1,2,0.734,2.72479564032698,9,"saved matched null",0.439833095452741,0.20105987558661,2.18757270275578,2,0.349143816865881,0.162224896618685,2.15222092381144,1,2000,1000,960101
"imvigor210",2,1,"Stabl",20,0.965258335214561,0.986749198235097,0.978220541694916,16,0,0.795,0,3,6,3.35,1.7910447761194,18,"saved matched null",0.675319770969859,0.382880526461889,1.76378719808587,4,0.534488113990259,0.299357715568696,1.78544960157409,2,2000,1000,960102
"imvigor210",2,1,"Stabl",50,0.964204581259957,0.998834615926591,0.965329560955886,42,5,4.948,1.01050929668553,9,24,22.438,1.06961404759783,46,"saved matched null",1.27418875273632,0.960397747462582,1.32673025952298,6,1.03588137093422,0.774309863877038,1.33781244338988,3,2000,1000,960103
"imvigor210",2,1,"Stabl",100,0.996319678857676,0.98585805640789,1.0106116924052,77,15,20.724,0.723798494499131,19,68,85.39,0.796346176367256,88,"recomputed matched null",1.27418875273632,1.92333931393083,0.662487759443856,6,1.03588137093422,1.53098959868175,0.676609019307618,3,2000,1000,960104
"imvigor210",2,1,"Stabl",200,0.932003880588545,0.989980880206815,0.941436243085666,159,56,84.215,0.664964673751707,40,342,347.174,0.985096810245007,177,"saved matched null",4.36541853060667,3.86276044670681,1.13012924069066,21,3.67819674827294,3.07977296952741,1.19430775731412,12,2000,1000,960105
"imvigor210",2,1,"Stabl",500,0.955438537441325,0.991966885809498,0.963175838941071,406,404,530.821,0.761085186908581,102,2370,2204.842,1.07490695478406,445,"recomputed matched null",10.1859684792458,9.54323908020654,1.06734918759107,50,8.51961160074245,7.60108408169965,1.12084164695063,26,2000,1000,960106
"imvigor210",2,2,"Stabl",10,0.578542675201543,0.976469360634231,0.592484207416166,9,0,0.18,0,1,0,0.782000000000001,0,9,"saved matched null",0.0501423783927394,0.180501806045323,0.277794330656996,1,0,0.137518067910535,0,0,2000,1000,960201
"imvigor210",2,2,"Stabl",20,0.893418185042877,0.983816142667416,0.908114988457656,17,1,0.896,1.11607142857143,3,4,3.488,1.14678899082569,18,"saved matched null",0.133932852825885,0.36775743016816,0.364188026777986,2,0,0.287179708943031,0,0,2000,1000,960202
"imvigor210",2,2,"Stabl",50,0.874401398378151,0.960661083557241,0.910207994624204,39,3,5.145,0.583090379008746,9,26,21.686,1.19893018537305,45,"recomputed matched null",0.386509885181655,0.950111499247608,0.406804765006772,3,0.25257703235577,0.746422934187521,0.338383268770673,1,2000,1000,960203
"imvigor210",2,2,"Stabl",100,0.86447225440219,0.969364050132385,0.891793185732574,79,12,21.612,0.555247084952804,18,90,88.754,1.0140388038849,91,"recomputed matched null",1.17635373600515,1.86073396693123,0.632198775811688,6,0.951731604592404,1.45715675530816,0.653142910757828,3,2000,1000,960204
"imvigor210",2,2,"Stabl",200,0.784221605422148,0.97619933544804,0.803341671055553,158,60,85.299,0.703408011817255,41,260,332.4,0.782190132370638,177,"recomputed matched null",3.93326511189321,3.72757802026364,1.05517982199472,22,3.03728485873507,2.91681184623021,1.04130297696801,10,2000,1000,960205
"imvigor210",2,2,"Stabl",500,0.945964451726041,0.97048762926372,0.974731076627649,403,376,544.918,0.690012075211316,99,1980,2185.794,0.905849316083766,449,"recomputed matched null",9.22459357401539,9.29971786477146,0.991921874206458,51,7.17057499477668,7.26036939198211,0.987632255005566,22,2000,1000,960206
"imvigor210",2,3,"Stabl",10,1.37571852600254,1.00845536718858,1.36418385063271,7,0,0.214,0,2,0,0.81,0,9,"saved matched null",0.25257703235577,0.192797131974199,1.31006633640987,1,0.25257703235577,0.155413127963885,1.62519753424218,1,2000,1000,960301
"imvigor210",2,3,"Stabl",20,1.38093209307352,0.994451499512304,1.38863694584477,15,2,0.894,2.23713646532438,5,6,3.016,1.9893899204244,17,"saved matched null",0.329264852202846,0.373912786662236,0.880592651409587,2,0.25257703235577,0.295446074357961,0.854900620712763,1,2000,1000,960302
"imvigor210",2,3,"Stabl",50,0.992883096011128,0.991070230720383,1.00182919962133,40,5,5.642,0.886210563629918,15,8,18.234,0.43874081386421,41,"recomputed matched null",0.80522429984361,0.920659449167146,0.874616885290254,5,0.619137000790014,0.728888265637489,0.849426489598531,2,2000,1000,960303
"imvigor210",2,3,"Stabl",100,0.916928421841103,1.00341842531431,0.91380464889698,81,33,22.652,1.45682500441462,29,74,84.172,0.879152212137053,87,"saved matched null",1.32660575896641,1.85433151877675,0.715409162565241,10,0.850124409967953,1.45858074517198,0.582843570904068,3,2000,1000,960304
"imvigor210",2,3,"Stabl",200,0.96709656323412,0.99841137029716,0.968635366148004,167,118,92.156,1.28043751898954,52,390,356.662,1.0934722510388,180,"saved matched null",2.8400441511095,3.647182916922,0.778695287788397,16,2.15058958835995,2.87889295035418,0.747019644511398,6,2000,1000,960305
"imvigor210",2,3,"Stabl",500,0.918973386135295,0.999492217827203,0.919440261509041,406,566,569.255,0.994282000158101,110,2372,2249.222,1.05458687492831,450,"saved matched null",7.33672695570369,9.06742223346785,0.809130397460023,46,5.25410370587663,7.13193169766498,0.73670134945303,17,2000,1000,960306
"imvigor210",2,4,"Stabl",10,1.32831199198621,0.990951410661925,1.34044109296837,8,0,0.199,0,1,2,0.588,3.40136054421769,8,"recomputed matched null",0.093090149805667,0.190591718605133,0.488427044401288,1,0,0.150824649507156,0,0,2000,1000,960401
"imvigor210",2,4,"Stabl",20,1.34854251049009,1.00309525263262,1.34438131069891,16,0,0.823,0,2,6,3.362,1.78465199286139,18,"saved matched null",0.169777969652743,0.37265517921538,0.455589990752866,2,0,0.291198114849186,0,0,2000,1000,960402
"imvigor210",2,4,"Stabl",50,1.09524171166715,0.992853501671053,1.10312519402286,43,6,5.299,1.13228911115305,10,26,23.184,1.12146307798482,46,"saved matched null",0.338846511888286,0.916596621624812,0.369678988438367,4,0,0.724250353914565,0,0,2000,1000,960403
"imvigor210",2,4,"Stabl",100,0.907180905382814,1.00392325499458,0.903635712062185,82,18,22.028,0.817141819502451,22,72,92.004,0.782574670666493,90,"saved matched null",1.02076126986022,1.85221460346521,0.551103132407299,7,0.631772379579196,1.45954232510124,0.432856498036378,2,2000,1000,960404
"imvigor210",2,4,"Stabl",200,0.845377869486499,0.99262854223326,0.851655814353807,163,137,86.823,1.57792290061389,53,366,362.616,1.00933218611424,178,"recomputed matched null",4.74656614613406,3.7039022251922,1.28150416980506,24,3.8906638023111,2.94070942297171,1.32303578582729,12,2000,1000,960405
"imvigor210",2,4,"Stabl",500,0.938258082885382,0.998604225602733,0.939569509951826,404,542,554.832,0.97687227845546,106,2076,2329.982,0.890994007679029,452,"recomputed matched null",8.5741466623487,9.15775240457995,0.936271945729895,52,6.32207376455388,7.22770501560344,0.874700025928778,20,2000,1000,960406
"imvigor210",2,5,"Stabl",10,1.63255418253264,0.972232339516143,1.67918111358559,7,0,0.188,0,1,4,0.844,4.739336492891,9,"saved matched null",0,0.170912876386625,0,0,0,0.133178730113439,0,0,2000,1000,960501
"imvigor210",2,5,"Stabl",20,1.55195988162039,0.986672156195261,1.57292356116033,15,2,0.831,2.40673886883273,3,10,3.86,2.59067357512953,19,"saved matched null",0.0942681361914253,0.383959582346916,0.245515779591228,1,0,0.304369871218539,0,0,2000,1000,960502
"imvigor210",2,5,"Stabl",50,1.1677714206611,0.985339434275892,1.18514633641885,40,13,5.595,2.32350312779267,11,38,23.12,1.64359861591695,46,"saved matched null",0.624678152312948,0.911579768302284,0.685269873284202,4,0.349143816865881,0.719838038722584,0.485031073775245,1,2000,1000,960503
"imvigor210",2,5,"Stabl",100,0.950389118226974,0.990909500942197,0.959107887575309,84,20,22.375,0.893854748603352,21,82,91.434,0.896821751208522,91,"recomputed matched null",2.03563899744041,1.86259659516068,1.09290385407625,9,1.68172539834466,1.48980351563329,1.12882362049588,5,2000,1000,960504
"imvigor210",2,5,"Stabl",200,0.929491629458624,0.98393954286921,0.944663354770951,166,78,87.639,0.890014719474207,41,388,376.02,1.03186000744641,183,"recomputed matched null",4.6452207407762,3.67146071264851,1.26522414492221,23,3.89404601168885,2.92038106380772,1.33340339038208,13,2000,1000,960505
"imvigor210",2,5,"Stabl",500,0.956005210389003,0.983090314891095,0.972449017051813,416,400,552.651,0.723784087968718,96,2152,2319.608,0.927742963466241,456,"recomputed matched null",9.55376128843572,9.22145885001452,1.03603577739987,48,7.79759583530524,7.34045612085527,1.06227674505828,24,2000,1000,960506
"imvigor210",3,1,"Stabl",10,1.1579380333186,1.00035174232131,1.15753088071963,9,1,0.202,4.95049504950495,3,2,0.766,2.61096605744125,9,"saved matched null",0.0837904744331457,0.171239982781244,0.489316064345712,1,0,0.132710788807724,0,0,2000,1000,970101
"imvigor210",3,1,"Stabl",20,1.05621766404331,0.990565368096871,1.06627760071259,17,2,0.832,2.40384615384615,4,10,3.274,3.0543677458766,18,"saved matched null",0.432934291299027,0.356486533090788,1.21444781530855,2,0.349143816865881,0.281483150490575,1.24037199476198,1,2000,1000,970102
"imvigor210",3,1,"Stabl",50,1.05245789350107,0.983787311737468,1.06980226411167,43,5,5.077,0.984833563127831,7,20,21.65,0.92378752886836,45,"saved matched null",0.871567787268068,0.920619986409224,0.946718298684261,5,0.709398049186239,0.729423023069094,0.972546830509135,3,2000,1000,970103
"imvigor210",3,1,"Stabl",100,0.976819580791346,0.984899580776256,0.991796117956978,84,28,21.446,1.30560477478318,23,98,90.78,1.07953293677021,91,"saved matched null",2.26148654974573,1.79802633009742,1.25776052991571,13,1.70309566621838,1.41622381181244,1.20256110087488,6,2000,1000,970104
"imvigor210",3,1,"Stabl",200,0.946973111702111,0.986124631764508,0.960297594440632,166,75,86.253,0.869534972696602,39,392,367.318,1.06719518237603,183,"saved matched null",3.62503603866684,3.56102645011571,1.01797503878385,19,2.93564849808859,2.80722703443059,1.04574673230306,10,2000,1000,970105
"imvigor210",3,1,"Stabl",500,0.929882537893526,0.987689335196585,0.941472692634113,416,596,547.352,1.08887882021076,120,2718,2340.77,1.1611563716213,461,"saved matched null",10.5087766558901,8.96228311736218,1.17255575596937,52,8.72512991626911,7.06691984137448,1.23464396259122,28,2000,1000,970106
"imvigor210",3,2,"Stabl",10,0.473897832993727,1.0161872799004,0.466348912613997,8,0,0.182,0,2,2,0.762,2.6246719160105,9,"saved matched null",0.0501423783927394,0.185583801313023,0.270187257928641,1,0,0.147418688888149,0,0,2000,1000,970201
"imvigor210",3,2,"Stabl",20,0.899449971960553,1.01215163996361,0.88865140009346,16,1,0.913000000000001,1.09529025191676,6,10,3.372,2.9655990510083,18,"saved matched null",0.452970857835222,0.375539869775252,1.20618579887752,3,0.349143816865881,0.293528851747722,1.18947018252897,1,2000,1000,970202
"imvigor210",3,2,"Stabl",50,0.870613020535304,0.997543374673721,0.872757057626758,38,3,5.567,0.538889886833124,10,28,20.768,1.3482280431433,43,"recomputed matched null",0.954364114779185,0.987059997783815,0.966875485707008,4,0.850537073809844,0.790549391124153,1.07588100548707,2,2000,1000,970203
"imvigor210",3,2,"Stabl",100,0.922326566996167,1.00190960400758,0.920568645421617,79,22,21.528,1.02192493496841,25,108,83.884,1.28749225120404,87,"recomputed matched null",1.64090439268957,1.86484919624124,0.879912647090689,7,1.44638807313337,1.47143319180799,0.982979099007652,4,2000,1000,970204
"imvigor210",3,2,"Stabl",200,0.973209591015245,0.998245852009466,0.974919744526037,156,82,88.348,0.928147779236655,47,346,347.912,0.994504357423716,177,"recomputed matched null",4.00900263672758,3.70753567768572,1.08131195091561,20,3.26844180603021,2.91236287637282,1.12226461631762,10,2000,1000,970205
"imvigor210",3,2,"Stabl",500,0.923106599534563,0.997476008154763,0.925442408627174,398,506,543.573,0.930877729394212,111,2192,2196.378,0.998006718333547,442,"recomputed matched null",10.5586008345589,9.41126826209221,1.1219105162572,57,8.10298657789159,7.43778962463306,1.08943476312579,24,2000,1000,970206
"imvigor210",3,3,"Stabl",10,0.675501320265897,1.0000207910298,0.675487276189808,8,0,0.197,0,0,0,0.804,0,9,"saved matched null",0,0.187330291159468,0,0,0,0.145465932501803,0,0,2000,1000,970301
"imvigor210",3,3,"Stabl",20,1.08544589997391,0.991707433194406,1.09452229926075,16,0,0.811,0,1,0,3.868,0,19,"saved matched null",0.410506702199149,0.35367989034194,1.1606730080194,1,0.410506702199149,0.277450943844564,1.47956498727619,1,2000,1000,970302
"imvigor210",3,3,"Stabl",50,1.14733024395853,1.01039629626771,1.13552498974575,40,1,5.579,0.179243592041585,5,24,22.71,1.05680317040951,46,"saved matched null",1.00956484832183,0.915697358663812,1.10250929389486,3,1.00956484832183,0.722421251506705,1.39747390627871,3,2000,1000,970303
"imvigor210",3,3,"Stabl",100,1.11697393329383,0.999563473780766,1.11746173463999,81,11,22.264,0.494071146245059,14,72,81.5,0.883435582822086,86,"recomputed matched null",1.35487753076367,1.77437842040535,0.763578679261749,8,1.00956484832183,1.38631260154365,0.72823751814539,3,2000,1000,970304
"imvigor210",3,3,"Stabl",200,1.06113066431673,1.00416571209603,1.05672863705115,169,53,89.88,0.589675122385403,40,326,358.138,0.910263641389632,180,"recomputed matched null",2.29364269928886,3.57630339204291,0.64134455269989,17,1.45775837841977,2.79730817182875,0.521128988611488,5,2000,1000,970305
"imvigor210",3,3,"Stabl",500,0.880493536050227,1.00442724440151,0.876612558010481,416,429,558.079,0.768708372828936,95,1976,2264.696,0.872523287893828,453,"recomputed matched null",7.70098139888523,8.88252211587612,0.866981393169957,48,5.68893160365325,6.97382853617114,0.815754441645143,19,2000,1000,970306
"imvigor210",3,4,"Stabl",10,1.21512831858009,0.990857653087142,1.22633994377921,6,0,0.197,0,2,0,0.576,0,8,"recomputed matched null",0,0.196922320084179,0,0,0,0.158016557745345,0,0,2000,1000,970401
"imvigor210",3,4,"Stabl",20,1.10435101834604,0.9760704123991,1.1314255655303,16,4,0.842,4.75059382422803,5,8,3.158,2.53324889170361,18,"saved matched null",0.544439555025034,0.366200114375737,1.48672688416044,3,0.410506702199149,0.287471295336761,1.4279919729664,1,2000,1000,970402
"imvigor210",3,4,"Stabl",50,0.893247842510411,0.978521273311953,0.91285480129326,39,5,5.256,0.951293759512938,9,30,20.65,1.45278450363196,45,"saved matched null",0.635128833611895,0.939302824521989,0.67617047136541,4,0.410506702199149,0.747515585974839,0.549161395295598,1,2000,1000,970403
"imvigor210",3,4,"Stabl",100,0.989758713395932,0.972028183082504,1.018240757441,83,21,20.846,1.0073875083949,19,118,89.926,1.31219002290772,92,"saved matched null",1.68269312499356,1.86468849195154,0.902399050702829,10,1.2228213388951,1.48743006810883,0.822103415221284,4,2000,1000,970404
"imvigor210",3,4,"Stabl",200,0.983345518005445,0.97859855795914,1.00485077359628,158,51,84.582,0.602965169894304,35,340,328.526,1.03492569842265,175,"saved matched null",3.3573010939376,3.7644867214538,0.89183502090852,16,2.72062256527683,2.9920383258787,0.909287338248865,7,2000,1000,970405
"imvigor210",3,4,"Stabl",500,0.976350062085356,0.976252751093569,1.00009967807177,411,325,527.236,0.616422247342746,91,2192,2206.294,0.993521262352162,453,"recomputed matched null",7.29964552609263,9.30056960779613,0.784860049859071,43,5.46243632544117,7.38101002708549,0.740066238278516,17,2000,1000,970406
"imvigor210",3,5,"Stabl",10,1.01839710235895,0.978429985022544,1.04084821392251,8,0,0.186,0,1,0,0.624,0,8,"saved matched null",0,0.187259366124068,0,0,0,0.144099042619031,0,0,2000,1000,970501
"imvigor210",3,5,"Stabl",20,0.994802274395683,0.967038153357889,1.02871047118605,16,0,0.791,0,3,0,3.152,0,17,"saved matched null",0.126830198239815,0.361466192955215,0.350877068759592,2,0,0.283016454278523,0,0,2000,1000,970502
"imvigor210",3,5,"Stabl",50,1.02699960003114,0.970835696540817,1.05785109024157,42,1,5.324,0.187828700225394,6,14,21.57,0.649049605934168,45,"saved matched null",0.205209461888498,0.892679645199534,0.229880296915058,3,0,0.691666969584074,0,0,2000,1000,970503
"imvigor210",3,5,"Stabl",100,0.927588645174977,0.96906547728535,0.957199143832301,81,9,21.513,0.418351694324362,19,96,89.204,1.07618492444285,91,"saved matched null",1.15249301685718,1.75252054399219,0.657620260605807,9,0.631772379579196,1.35843278495837,0.465074449449891,2,2000,1000,970504
"imvigor210",3,5,"Stabl",200,0.902823392753557,0.969275726126338,0.931441248778246,161,70,84.604,0.827384048035554,42,294,343.212,0.856613405125695,179,"saved matched null",2.49676445872645,3.56538363837242,0.700279328107931,17,1.66528817995726,2.78012344575206,0.598997926693423,6,2000,1000,970505
"imvigor210",3,5,"Stabl",500,0.937686470025042,0.967359705378964,0.969325541275986,405,545,532.868,1.02276736452555,114,2168,2245.91,0.965310275122334,453,"saved matched null",9.3011940406338,8.86752195266818,1.04890566837956,54,7.10170857101267,6.91000528634156,1.02774285644181,23,2000,1000,970506
